Time,Spinz_On_BIS,Spinz_away_BIS
0j,(1+0j),(1+0j)
(0.02+0j),(0.9994095688639343-1.775746166147297e-27j),(0.9992128879576817-1.067619132345524e-21j)
(0.04+0j),(0.9976762601093287-1.3675618624483182e-26j),(0.9969037159346723-1.699662039894008e-20j)
(0.06+0j),(0.9948562978620473+8.141003188513067e-26j),(0.9931518152198229-2.4542149331708095e-20j)
(0.08+0j),(0.9910047359368712-2.17282652671943e-25j),(0.988037481523012+1.9433361455785128e-19j)
(0.1+0j),(0.986175278672905+3.9114860930758333e-25j),(0.9816414296400198+0j)
(0.12+0j),(0.9804201340149795-3.024877461633739e-25j),(0.9740443152989007-1.7027608835774638e-19j)
(0.14+0j),(0.9737898959136171-7.305801817281344e-25j),(0.9653263210681002+3.576728430819695e-20j)
(0.16+0j),(0.9663334531685049+0j),(0.955566802569281+2.3364594427726905e-20j)
(0.18+0j),(0.9580979219343294-4.391912192782845e-26j),(0.944843990794858+1.0527492795626123e-18j)
(0.2+0j),(0.9491285992331757-8.611185324750732e-25j),(0.9332347460544855+1.2101385573849288e-18j)
(0.22+0j),(0.9394689349656817+1.6880030154731188e-25j),(0.9208143589396325-2.369320549806582e-18j)
(0.24+0j),(0.9291605200763223+0j),(0.907656393675738+2.662461555644814e-18j)
(0.26+0j),(0.9182430887002863-2.1068123626559162e-24j),(0.893832569304073-5.714952356027539e-18j)
(0.28+0j),(0.9067545322952699-7.620331722894186e-24j),(0.8794126742795256+1.6445726255665407e-19j)
(0.3+0j),(0.8947309239369847-4.353956901733438e-24j),(0.8644645102677608-6.7573308097516856e-18j)
(0.32+0j),(0.8822065511290422-5.1778653849270075e-24j),(0.8490538611598206+2.5181853442860044e-18j)
(0.34+0j),(0.8692139556436302+1.6703068995115446e-23j),(0.8332444835810218-9.237291924344626e-18j)
(0.36+0j),(0.855783979067245-1.752404676324242e-24j),(0.8170981154429463+3.0119471704764453e-18j)
(0.38+0j),(0.8419458128744157+1.2011109504837527e-23j),(0.8006744993636825+1.4731715710461172e-17j)
(0.4+0j),(0.8277270519910759+1.2320256571545582e-23j),(0.7840314180552519+9.223476475123473e-18j)
(0.42+0j),(0.8131537509375715+1.0966023142822238e-23j),(0.7672247390431851+5.075943280379877e-18j)
(0.44+0j),(0.798250481759132+1.1810237191213866e-23j),(0.7503084663375849+7.725962560361898e-18j)
(0.46+0j),(0.7830403930590817-1.0511938049305621e-23j),(0.7333347969151888-4.320437128108003e-18j)
(0.48+0j),(0.7675452695474426+1.2350540302224194e-23j),(0.7163541800962674+8.457566408998922e-18j)
(0.5+0j),(0.7517855916052752+1.2092539593511771e-23j),(0.6994153781079296-3.104920372333576e-18j)
(0.52+0j),(0.7357805944436698-4.341445527713287e-23j),(0.6825655263164063-2.432268234413624e-17j)
(0.54+0j),(0.7195483265062849-2.898451478261781e-23j),(0.665850191785606-2.183745778570039e-17j)
(0.56+0j),(0.7031057068263676+1.5137322277305086e-23j),(0.6493134289784391-5.8348362092907155e-18j)
(0.58+0j),(0.6864685811038851+2.9647475553737026e-23j),(0.6329978315622835+1.5248416612876592e-17j)
(0.6+0j),(0.669651776316387-2.540572993348823e-23j),(0.6169445794118052+0j)
(0.62+0j),(0.6526691537191008-1.0664011473150865e-22j),(0.6011934800226589-1.4659133976917318e-17j)
(0.64+0j),(0.6355336601261274-3.1335718976446594e-23j),(0.58578300365998-3.595211944783452e-18j)
(0.66+0j),(0.6182573773959953+6.821173003679715e-23j),(0.570750311667644+8.115172405092734e-17j)
(0.68+0j),(0.6008515700717916+0j),(0.5561312774596505-3.464128982962655e-17j)
(0.7000000000000001+0j),(0.5833267311490775+4.5827908779051384e-23j),(0.541960499805314-3.4025630270511716e-18j)
(0.72+0j),(0.5656926259642767-3.848815118063593e-23j),(0.5282713081067179+3.0092468961382914e-17j)
(0.74+0j),(0.5479583342125981+1.2571563125906862e-23j),(0.5150957594516204+2.6297847328363788e-17j)
(0.76+0j),(0.5301322901182309-1.2320072754278728e-23j),(0.5024646273090058+2.5867194598153763e-17j)
(0.78+0j),(0.5122223207907884-3.6224269306614734e-23j),(0.4904073818190053-6.364156131506735e-18j)
(0.8+0j),(0.494235682811193-5.917728102713832e-23j),(0.47895216171504357-7.519754491618445e-17j)
(0.8200000000000001+0j),(0.47617909709757655-5.801006475326697e-23j),(0.4681257380046639+4.938913438641051e-17j)
(0.84+0j),(0.4580587821075913+1.0236840273680924e-22j),(0.4579534696273059+0j)
(0.86+0j),(0.4398804854380406-1.1152058470131855e-23j),(0.4484592514027811+6.002311266854947e-18j)
(0.88+0j),(0.4216495138860905+0j),(0.43966545468359886+4.738911000546726e-17j)
(0.9+0j),(0.4033707620387049-1.7157786821229352e-22j),(0.43159286122757407+4.6796120944731537e-17j)
(0.92+0j),(0.3850487394585352-1.0517067067016483e-23j),(0.424260590914022+1.733955511310135e-17j)
(0.9400000000000001+0j),(0.3666875965353828-5.157711231166404e-23j),(0.4176860240366655+1.1429112643729601e-17j)
(0.96+0j),(0.34829114907269015+1.618964486641748e-22j),(0.41188471901824814+4.522826334554396e-17j)
(0.98+0j),(0.3298629016783842+5.955738370596321e-23j),(0.4068703265044646+5.596681209566234e-17j)
(1+0j),(0.31140607002890364+5.843027330222913e-23j),(0.402654500906631-1.2196571857408949e-16j)
(1.02+0j),(0.29292360207445134+1.1465788249240746e-22j),(0.39924681057158706-8.792109260728399e-17j)
(1.04+0j),(0.2744181982524944+7.500333920854582e-23j),(0.3966546478614446+1.0900163790676668e-17j)
(1.06+0j),(0.2558923307753605-1.2880021647780608e-22j),(0.39488314052247003-5.4088160880798126e-17j)
(1.08+0j),(0.23734826205647308+1.8056949936644758e-23j),(0.39393506580888366-8.593829984245455e-17j)
(1.1+0j),(0.2187880623384116-1.063278652908311e-22j),(0.39381076890076827-1.0673862654070741e-17j)
(1.12+0j),(0.20021362658455505+2.2610688631343154e-22j),(0.39450808721257696+3.18362320052724e-17j)
(1.1400000000000001+0j),(0.18162669069467802+0j),(0.3960222822268794+2.1113274893592652e-17j)
(1.16+0j),(0.16302884710345927-1.0053782911126885e-22j),(0.39834598050399+2.1014469866415832e-16j)
(1.18+0j),(0.14442155981952795+6.579086420782486e-23j),(0.4014691255092111+3.139064294574405e-17j)
(1.2+0j),(0.12580617896138946+4.843569992977764e-22j),(0.405378941863087+1.6680383071161046e-16j)
(1.22+0j),(0.10718395484535856+2.535776478895827e-22j),(0.4100599135542075+4.156784117925686e-17j)
(1.24+0j),(0.08855605167954023+2.178060614804239e-22j),(0.41549377755721495-1.4508685795847583e-16j)
(1.26+0j),(0.0699235609168623+3.665257623466313e-22j),(0.4216595341698387-4.135609433797017e-17j)
(1.28+0j),(0.051287514319300016+4.797233584100974e-22j),(0.42853347522192076+4.127440932778326e-17j)
(1.3+0j),(0.03264889678463967+3.531764049657111e-22j),(0.4360892311172397-2.0603369664328707e-17j)
(1.32+0j),(0.014008658986493557+0j),(0.444297837447121-6.172717990608035e-17j)
(1.34+0j),(-0.004632270122244652+1.134244325950612e-22j),(0.4531278216660172-1.0276722197326112e-16j)
(1.36+0j),(-0.023272970892687456-5.566256590660595e-23j),(0.46254531004700367+8.214271838194494e-17j)
(1.3800000000000001+0j),(-0.04191252060041791+0j),(0.47251415484396475+1.8469422531867415e-16j)
(1.4000000000000001+0j),(-0.0605499810536587-2.68050221997999e-22j),(0.4829960812825838+6.153087492513831e-17j)
(1.42+0j),(-0.07918438613966113+3.6823807468126426e-22j),(0.49395085369013514-1.2300574452498807e-16j)
(1.44+0j),(-0.09781472925962471+4.645272320724528e-22j),(0.5053364597612718+1.6394182209504996e-16j)
(1.46+0j),(-0.11643995060216968-4.050824192354503e-22j),(0.517109311650588+1.6387810070969717e-16j)
(1.48+0j),(-0.13505892420493448-9.933622585370168e-23j),(0.5292244622899948+1.0238118480002971e-16j)
(1.5+0j),(-0.15367044475327749-4.871175743571548e-23j),(0.5416358350571379+0j)
(1.52+0j),(-0.17227321406436097-4.7765436438212236e-23j),(0.554296464677118+1.0227155369473054e-16j)
(1.54+0j),(-0.19086582720406373-9.365672352797035e-23j),(0.5671587470300425-2.248331964189647e-16j)
(1.56+0j),(-0.20944675818321942+4.589975641861813e-22j),(0.5801746953670306+1.4294590937528244e-16j)
(1.58+0j),(-0.22801434517860195-8.995770902524577e-23j),(0.5932962003118188+2.4477628955502706e-16j)
(1.6+0j),(-0.24656677522295006-3.9658411147852637e-22j),(0.6064752909475085-1.222217415247108e-16j)
(1.62+0j),(-0.2651020683070523-4.315715316431567e-23j),(0.6196643942603266-2.0337059007493033e-16j)
(1.6400000000000001+0j),(-0.2836180608356114-4.225487808010711e-23j),(0.6328165902353362+1.4208458353414877e-16j)
(1.6600000000000001+0j),(-0.3021123883772373+0j),(0.6458858599720767+8.100810841323229e-17j)
(1.68+0j),(-0.3205824676475014-1.2139163383212016e-22j),(0.6588273243090352+1.41395270018826e-16j)
(1.7+0j),(-0.33902547766259605-2.374424974926624e-22j),(0.6715974706113316+1.4097526698401376e-16j)
(1.72+0j),(-0.3574383399997094-1.5474515603231978e-22j),(0.6841543655813271-2.007171936255224e-17j)
(1.74+0j),(-0.3758176980989376+3.402074626832935e-22j),(0.6964578521915691-5.99887915831416e-17j)
(1.76+0j),(-0.39415989554026737-3.6916718800529175e-22j),(0.7084697291071376+3.982553977203951e-17j)
(1.78+0j),(-0.4124609532280854+2.8826658886225255e-22j),(0.7201539112531244+1.3874776219050339e-16j)
(1.8+0j),(-0.43071654541473625-7.030005608982508e-23j),(0.731476570485427-1.9721210091513058e-17j)
(1.82+0j),(-0.4489219744940328+4.797273192053367e-22j),(0.7424062556320213+1.569044711476677e-16j)
(1.84+0j),(-0.4670721444952539+6.676275678489854e-23j),(0.7529139914801749+1.3647686299288599e-16j)
(1.86+0j),(-0.4851615332082927-6.498980955355738e-23j),(0.7629733565860627+1.9372208468785744e-17j)
(1.8800000000000001+0j),(-0.5031841628712008-1.2642518805844207e-22j),(0.7725605400707332-5.771921895865592e-17j)
(1.9000000000000001+0j),(-0.5211335693525865-2.45720536275733e-22j),(0.7816543778350024+3.819894618318753e-17j)
(1.92+0j),(-0.5390027697633009+0j),(0.7902363688710573+3.7903270875100535e-17j)
(1.94+0j),(-0.5567842284346863-1.7353779589700098e-22j),(0.7982906725667153+1.3157544020100996e-16j)
(1.96+0j),(-0.5744698212045708+5.604261857117133e-23j),(0.805804088086833+6.522019059656463e-17j)
(1.98+0j),(-0.5920507979573105-1.0846187504736061e-22j),(0.8127660170735118+1.0156030993656912e-16j)
(2+0j),(-0.6095177433707919+0j),(0.819168411031867-4.57258981761369e-17j)
(2.02+0j),(-0.6268605358315127-2.5290222543629613e-22j),(0.825005704861235+3.6218526512047945e-17j)
(2.04+0j),(-0.6440683044890886+4.874093623474087e-22j),(0.830274738053762-4.48065480995636e-17j)
(2.06+0j),(-0.661129384433926+4.68916942844115e-23j),(0.8349746651148303+6.205793374014414e-17j)
(2.08+0j),(-0.6780312699967656+1.3509826735764726e-22j),(0.8391068567649067+8.767171044288707e-18j)
(2.1+0j),(-0.6947605661866825-1.2949303068887795e-22j),(0.8426747934626408+0j)
(2.12+0j),(-0.7113029383052946+1.6514754949688163e-22j),(0.8456839527472705-3.8540083568733233e-17j)
(2.14+0j),(-0.7276430597998401-3.9401046549363415e-23j),(0.8481416918376484+1.692087401993503e-17j)
(2.16+0j),(-0.7437645584468682-1.8753867364813345e-22j),(0.8500571268486249+2.7153484819439334e-17j)
(2.18+0j),(-0.7596499609921071-2.136488810392961e-22j),(0.8514410098962105-5.219514255259071e-17j)
(2.2+0j),(-0.7752806364110907+0j),(0.8523056052639789-1.0175320434312038e-16j)
(2.22+0j),(-0.7906367379999736-1.2718602965197482e-22j),(0.8526645656973721+1.8070942012296763e-17j)
(2.24+0j),(-0.8056971445572152+5.977705716545502e-23j),(0.8525328097826625+3.5649640859007613e-17j)
(2.2600000000000002+0j),(-0.8204394009750735+1.119299622042417e-22j),(0.8519264012556655+1.0546589939379422e-16j)
(2.2800000000000002+0j),(-0.8348396586257594+0j),(0.8508624309740852+0j)
(2.3000000000000003+0j),(-0.8488726160012771+0j),(0.8493589021784-9.110311779503822e-17j)
(2.32+0j),(-0.8625114601490176+4.461894309024943e-23j),(0.8474346195610579+5.2372391642742724e-17j)
(2.34+0j),(-0.875727809537605-8.178925325425722e-23j),(0.8451090825637136-2.9487408172331874e-17j)
(2.36+0j),(-0.8884916590898407+0j),(0.8424023832282714-5.0836291351036935e-17j)
(2.38+0j),(-0.9007713282321763+0j),(0.839335108840385-8.584011340914607e-17j)
(2.4+0j),(-0.9125334129331889+0j),(0.8359282495242746-1.127205791648661e-16j)
(2.42+0j),(-0.923742742837085+2.658279737318285e-23j),(0.8322031108755916+2.081260947901143e-16j)
(2.44+0j),(-0.9343623447419576+4.6447102376298327e-23j),(0.8281812316546663-1.5028120189558363e-16j)
(2.46+0j),(-0.9443534138259198+3.99734650175594e-23j),(0.8238843065058404-8.070514995721635e-17j)
(2.48+0j),(-0.9536752941861878-1.6893155148297043e-23j),(0.8193341136194747+3.972621270865784e-17j)
(2.5+0j),(-0.9622854704252342-1.396573991690181e-23j),(0.8145524472114432-5.2143014099433594e-17j)
(2.52+0j),(-0.9701395721921595-1.1229635601066137e-23j),(0.8095610546600623-7.699246827400316e-17j)
(2.54+0j),(-0.9771913937635505-8.712335375008559e-24j),(0.8043815781120803+0j)
(2.56+0j),(-0.9833929309226555+6.443785920245145e-24j),(0.7990355003471268-1.118993461435275e-16j)
(2.58+0j),(-0.9886944375640819+4.4564860703305224e-24j),(0.7935440946733752+3.6715153888152285e-17j)
(2.6+0j),(-0.9930445046077074-2.7855713068442995e-24j),(0.7879283786156553-1.325135163672206e-16j)
(2.62+0j),(-0.99639016394325+2.9377598323058095e-24j),(0.7822090711503613+4.7433016725844165e-17j)
(2.64+0j),(-0.9986770202378478-5.469960843407752e-25j),(0.7764065532387256-1.1673181665480345e-17j)
(2.66+0j),(-0.9998494135135937+0j),(0.7705408314109675-3.447461323179923e-17j)
(2.68+0j),(-0.9998506154295891-1.2754380609778283e-25j),(0.7646315041579516-7.919367828107978e-17j)
(2.7+0j),(-0.9986230621715643+0j),(0.758697730893956+2.22775305986695e-17j)
(2.72+0j),(-0.9961086267484038-1.7151489066935422e-24j),(0.7527582032635111+7.677407003638712e-17j)
(2.74+0j),(-0.9922489333047491-1.0413356284673682e-23j),(0.7468311185766917+6.480172875267967e-17j)
(2.7600000000000002+0j),(-0.9869857157676032+0j),(0.7409341551703755+1.0636475983004716e-16j)
(2.7800000000000002+0j),(-0.9802612227375634+0j),(0.7350844495075213+9.428668425620184e-17j)
(2.8000000000000003+0j),(-0.9720186699976867+0j),(0.7292985748421752+3.0959271202432517e-17j)
(2.82+0j),(-0.9622027413319024-3.604262238352748e-23j),(0.7235925212944585-4.066738738590149e-17j)
(2.84+0j),(-0.9507601375095963-2.3839118117402717e-23j),(0.7179816771969455-8.014043818955513e-17j)
(2.86+0j),(-0.9376401722960956+3.0650687531859165e-23j),(0.7124808115914362-1.8756536437454562e-16j)
(2.88+0j),(-0.9227954131876676+0j),(0.7071040577729534+9.729740506190144e-17j)
(2.9+0j),(-0.9061823632476994+0j),(0.7018648977956627+1.0550276771204798e-16j)
(2.92+0j),(-0.8877621789490169+1.7292191506875028e-22j),(0.6967761478731774+1.4184126980440568e-16j)
(2.94+0j),(-0.8675014173257958-1.3801626429720194e-22j),(0.6918499446232202-2.4243622153345566e-16j)
(2.96+0j),(-0.8453728040373191+0j),(0.6870977321236941+4.598134940074023e-17j)
(2.98+0j),(-0.8213560121863972-9.559200576394637e-23j),(0.6825302497637897-1.0885719222872657e-16j)
(3+0j),(-0.7954384399704993+3.3265715836592253e-22j),(0.6781575208896276-8.949902968027055e-18j)
(3.02+0j),(-0.7676159735381799-1.2755267583014806e-22j),(0.6739888422590572-5.298972865689706e-17j)
(3.04+0j),(-0.7378937198523835-1.4561043576377812e-22j),(0.67003277433441+6.973220265646034e-17j)
(3.06+0j),(-0.7062866930097801+0j),(0.6662971324552028+2.151137157768534e-17j)
(3.08+0j),(-0.6728204364213989+5.577425219707592e-22j),(0.6627889789448158-1.9964712549793e-16j)
(3.1+0j),(-0.6375315626165936+0j),(0.6595146162160073-2.516902443690045e-17j)
(3.12+0j),(-0.6004681922788253+2.317040515707737e-22j),(0.6564795809496042+1.1186952886726247e-16j)
(3.14+0j),(-0.5616902745385323+2.565677703754038e-22j),(0.6536886394287577+2.865245855217155e-17j)
(3.16+0j),(-0.5212697716005432+0j),(0.6511457841177167+1.96157064754405e-16j)
(3.18+0j),(-0.4792906925149345+6.198505986931761e-22j),(0.6488542315790033+4.8964196383560703e-17j)
(3.2+0j),(-0.43584896332661577+0j),(0.6468164218261806-1.279127311660611e-16j)
(3.22+0j),(-0.3910521239427991+3.675325829732172e-22j),(0.6450340192109453-1.0741827733579138e-17j)
(3.24+0j),(-0.34501884578471603+3.976514615918671e-22j),(0.6435079149431029-1.7381138289397647e-16j)
(3.2600000000000002+0j),(-0.2978782685471645+0j),(0.6422382313399618-1.5279989633420018e-16j)
(3.2800000000000002+0j),(-0.24976915904673852-9.196788188672901e-22j),(0.6412243278978808+1.5870298245764838e-16j)
(3.3000000000000003+0j),(-0.2008389000321883-4.915997070171742e-22j),(0.6404648092730924+2.2430198840886812e-17j)
(3.3200000000000003+0j),(-0.15124232176759927+0j),(0.6399575352515153+6.658425807307602e-17j)
(3.34+0j),(-0.10114039397240526+1.6668292227799566e-21j),(0.6396996327781597+1.0982625389329876e-16j)
(3.36+0j),(-0.05069880009749862+5.875024856219906e-22j),(0.6396875101059084+1.4494284815354052e-16j)
(3.38+0j),(-8.641972781715005e-05+2.4763078375005803e-21j),(0.63991687311112+2.5110185612615346e-16j)
(3.4+0j),(0.050526252057565696-2.600601327329276e-21j),(0.6403827438096641+1.6337477078064848e-16j)
(3.42+0j),(0.10096871741819752-6.805426736734466e-22j),(0.6410794810918706+4.2202745522841094e-17j)
(3.44+0j),(0.15107208853999265-2.1302385391107674e-21j),(0.6420008036785947-5.572697156341695e-17j)
(3.46+0j),(0.20067066843822892+7.385942831155299e-22j),(0.6431398152833532-5.5195247404824155e-17j)
(3.48+0j),(0.24960346882065573+1.1488958958775232e-21j),(0.6444890319474651-9.568032320148114e-17j)
(3.5+0j),(0.2977156361707516-1.5838885889003436e-21j),(0.6460404114965874+8.124594830296467e-17j)
(3.52+0j),(0.34485976024907583+1.224757810610942e-21j),(0.6477853850481949+4.0247301590750255e-17j)
(3.54+0j),(0.39089704301920636-1.6789972261671529e-21j),(0.6497148904806083+3.9878346479680627e-17j)
(3.56+0j),(0.43569831039857565-8.608263469263924e-22j),(0.651819407755515+1.8440627644623435e-16j)
(3.58+0j),(0.4791448540068148-4.402037777199705e-22j),(0.6540889959676535+5.221158343343281e-17j)
(3.6+0j),(0.5211290950212029+4.490895486353449e-22j),(0.6565133319778015-5.174275100544253e-17j)
(3.62+0j),(0.5615550671420708+1.371143393614024e-21j),(0.6590817504686858+2.5640211599656727e-17j)
(3.64+0j),(0.6003387203291732-4.640645826702197e-22j),(0.6617832852480705+1.6517810540603948e-16j)
(3.66+0j),(0.6374080512290509-3.7610753624418174e-21j),(0.664606711609411+1.2593257960605695e-16j)
(3.68+0j),(0.672703069942484-9.50519743074656e-22j),(0.6675405895482323+1.9970758575130882e-16j)
(3.7+0j),(0.7061756158873097-6.232863172616795e-21j),(0.6705733076220031+9.897024833577838e-17j)
(3.72+0j),(0.7377890379405908-1.4481744662066295e-21j),(0.6736931272329096+0j)
(3.74+0j),(0.7675177557779372+0j),(0.6768882271067074+9.722556255690737e-17j)
(3.7600000000000002+0j),(0.7953467203822728-4.866186978954743e-22j),(0.6801467477368143-4.8181329525811786e-17j)
(3.7800000000000002+0j),(0.8212707921130912-6.822211997131392e-21j),(0.6834568355611307+1.4325744019709572e-16j)
(3.8000000000000003+0j),(0.8452940545756159-9.74376706580202e-22j),(0.6868066866397101+4.732585807760461e-17j)
(3.8200000000000003+0j),(0.8674290818875147-4.133735272954857e-21j),(0.6901845896043518-9.380223182085343e-17j)
(3.84+0j),(0.8876961758981491+4.1203265304165636e-21j),(0.6935789676564416+2.3238966687472714e-17j)
(3.86+0j),(0.9061225885638218+4.825007796032432e-22j),(0.6969784193968072-4.6056017910136007e-17j)
(3.88+0j),(0.9227417431120701+0j),(0.7003717582808716+1.8254041849058864e-16j)
(3.9+0j),(0.9375924659229188+1.1905016479707115e-21j),(0.7037480505039041+6.78224342998835e-17j)
(3.92+0j),(0.9507182392903246+2.1250686514568337e-21j),(0.7070966511343665+1.1198840674645217e-16j)
(3.94+0j),(0.962166483467492+4.677941216437969e-22j),(0.7104072383282611-6.656421181618027e-17j)
(3.96+0j),(0.9719878746982572-6.596554338158997e-21j),(0.713669845473543+1.758285416496219e-16j)
(3.98+0j),(0.980235704334857+1.830590916015523e-21j),(0.7168748911310349-4.353821499775918e-17j)
(4+0j),(0.9869652826701698+0j),(0.7200132066565176-6.46789125101062e-17j)
(4.0200000000000005+0j),(0.9922333897900839-3.122768502353107e-21j),(0.7230760614075985+0j)
(4.04+0j),(0.9960977745899215-4.50918699159437e-21j),(0.726055185458217+2.1140519222844332e-17j)
(4.0600000000000005+0j),(0.998616702101444+6.475434133407434e-21j),(0.7289427897631616+8.3723302515052e-17j)
(4.08+0j),(0.999848548441082-4.669093004205841e-21j),(0.7317315837343105-6.216309190964018e-17j)
(4.1+0j),(0.9998514420084829+1.890511121772779e-21j),(0.7344147902094188+0j)
(4.12+0j),(0.9986829490263363+1.3945766538628626e-21j),(0.73698615781278+9.135523353308034e-17j)
(4.14+0j),(0.9963998011047539+1.6248001800580084e-21j),(0.7394399707249697-3.0136691059090644e-17j)
(4.16+0j),(0.9930576622218228+6.984537945699052e-22j),(0.7417710558957733+9.940531559107309e-18j)
(4.18+0j),(0.9887109323215173-3.1358514502565607e-21j),(0.7439747877503029+7.86840387318957e-17j)
(4.2+0j),(0.9834125846261137+3.6557636319684774e-21j),(0.746047090453019+1.946101372508594e-17j)
(4.22+0j),(0.977214033728572+7.552881954152215e-22j),(0.7479844378077747+1.9251128467058074e-17j)
(4.24+0j),(0.9701650315577333-1.852402087373901e-21j),(0.7497838508840575-5.712423911979722e-17j)
(4.26+0j),(0.9623135883836842-2.725070585454981e-21j),(0.7514428934702277-3.766386366043497e-17j)
(4.28+0j),(0.9537059161413899+4.8093200901515826e-21j),(0.7529596654636973+1.8622753833628305e-17j)
(4.3+0j),(0.9443863914884197-8.730080666118937e-22j),(0.7543327943156913+4.603488004838367e-18j)
(4.32+0j),(0.9343975361689877+0j),(0.7555614246544495+4.551400677069898e-17j)
(4.34+0j),(0.9237800124248968+0j),(0.7566452062155102-1.3498338726220442e-17j)
(4.36+0j),(0.9125726313685112-3.2851021349567714e-22j),(0.7575842802111117-8.005761013259615e-17j)
(4.38+0j),(0.9008123724090201+0j),(0.7583792642728272-7.473230056670548e-17j)
(4.4+0j),(0.8885344119972712+0j),(0.7590312361023521-1.5721967815667075e-16j)
(4.42+0j),(0.8757721601235481+3.086477771705653e-22j),(0.7595417159650276-9.123408654694045e-17j)
(4.44+0j),(0.8625573031646219-6.044813109545371e-22j),(0.7599126481592579+3.393911552997152e-17j)
(4.46+0j),(0.8489198518298448+5.918951802149205e-22j),(0.7601463815925812+1.6766673005776518e-17j)
(4.48+0j),(0.8348881930997898-5.795433882243296e-22j),(0.7602456495919201+4.9694712425645905e-17j)
(4.5+0j),(0.8204891451845253+0j),(0.7602135490715045+4.091083317307083e-18j)
(4.5200000000000005+0j),(0.8057480146516782+5.555608101865949e-22j),(0.7600535191773053+1.6165040910705015e-16j)
(4.54+0j),(0.7906886549871075+0j),(0.7597693195216135-3.193421136537783e-17j)
(4.5600000000000005+0j),(0.7753335259533051-5.325575683637764e-22j),(0.7593650081157688+7.88530199603568e-18j)
(4.58+0j),(0.7597037532032125+0j),(0.7588449191030318-7.787804881692136e-18j)
(4.6000000000000005+0j),(0.7438191876901123+0j),(0.7582136403874009-1.4613084485659395e-16j)
(4.62+0j),(0.7276984644885455-2.499507912303196e-22j),(0.7574759912477961+3.7976063866649894e-17j)
(4.64+0j),(0.7113590607070674+2.447528668122391e-22j),(0.7566370000205551+9.00022136902549e-17j)
(4.66+0j),(0.6948173522319954-2.3967563180065846e-22j),(0.7557018819267886+7.406043122377233e-17j)
(4.68+0j),(0.6780886690925643+7.0415305948744535e-22j),(0.7546760171147349-2.925127171706138e-17j)
(4.7+0j),(0.6611873492827185+4.597548340042731e-22j),(0.7535649289810423-1.0108750876797966e-16j)
(4.72+0j),(0.6441267909139282+0j),(0.7523742628288365-9.980913590224569e-17j)
(4.74+0j),(0.6269195026070951-4.410851041065639e-22j),(0.7511097649146219+7.038904681925218e-17j)
(4.76+0j),(0.6095771520608713+4.320878161709649e-22j),(0.7497772619305114-1.250928061025152e-16j)
(4.78+0j),(0.5921106127584891+0j),(0.7483826409630072+1.5094928243714127e-16j)
(4.8+0j),(0.5745300087965225+0j),(0.7469318299646396-1.7612698740158883e-16j)
(4.82+0j),(0.5568447578367571+0j),(0.7454307787701573+9.36315559163558e-17j)
(4.84+0j),(0.5390636121974229+7.964889495084305e-22j),(0.7438854406847168+3.0373365739541685e-16j)
(4.86+0j),(0.5211946981123746+0j),(0.7423017546676183+1.3037878879018846e-17j)
(4.88+0j),(0.5032455531971021+3.82542805834869e-22j),(0.7406856281316017-1.9308241752228728e-16j)
(4.9+0j),(0.485223162168605+0j),(0.7390429203744955+0j)
(4.92+0j),(0.4671339908728191+7.352020151316957e-22j),(0.737379426657179-1.5056925495724893e-16j)
(4.94+0j),(0.4489840186784009+0j),(0.7357008629392832-1.7343841011900884e-16j)
(4.96+0j),(0.430778769299585+0j),(0.7340128512818119+7.339046149061881e-17j)
(4.98+0j),(0.41252334011365493+0j),(0.7323209059239891-4.830919807199287e-17j)
(5+0j),(0.39422243004059615+3.3983372829421364e-22j),(0.7306304200399377-7.155076194206503e-17j)
(5.0200000000000005+0j),(0.37588036605363806+6.666063554969228e-22j),(0.7289466531794228-7.065134568478436e-17j)
(5.04+0j),(0.35750112839007664+0j),(0.7272747193957244-9.30206939849657e-17j)
(5.0600000000000005+0j),(0.33908837453178375-6.414011723719113e-22j),(0.7256195760627098-2.2964413884462868e-17j)
(5.08+0j),(0.3206454620245514-3.146187424309853e-22j),(0.7239860133824215+2.2678149442964906e-17j)
(5.1000000000000005+0j),(0.30217547020471724-6.17353531368655e-22j),(0.7223786445838277-1.7917083795551462e-16j)
(5.12+0j),(0.2836812209006411+3.028699117672713e-22j),(0.7208018968129009-1.5483299622066586e-16j)
(5.14+0j),(0.2651652981754869+0j),(0.7192600027137658-1.0923024302288598e-17j)
(5.16+0j),(0.2466300671765006+5.832858841642564e-22j),(0.7177569927003404+7.552111973820332e-17j)
(5.18+0j),(0.2280776921546852+0j),(0.7162966879176261-8.525279373867336e-17j)
(5.2+0j),(0.2095101537173184-2.8090129076295146e-22j),(0.7148826938915507-1.8947887277866966e-16j)
(5.22+0j),(0.19092926537439422-2.7570135942783917e-22j),(0.7135183948660524-1.1438592325957037e-16j)
(5.24+0j),(0.1723366894386415+2.706095850521089e-22j),(0.7122069488258432+4.109168276461917e-17j)
(5.26+0j),(0.15373395233741494+0j),(0.7109512832030416-8.11934108082087e-17j)
(5.28+0j),(0.13512245939341677-2.60733629113083e-22j),(0.7097540912655238-4.0109827712329956e-17j)
(5.3+0j),(0.11650350913000039-2.559411889992306e-22j),(0.7086178291845069+5.944638433297511e-17j)
(5.32+0j),(0.09787830715558489-5.024807729356611e-22j),(0.7075447137783988-6.852975358636611e-17j)
(5.34+0j),(0.07924797968075552+2.4662726723089953e-22j),(0.7065367209294471+2.902237530301171e-17j)
(5.36+0j),(0.06061358672052289-6.052448606501213e-22j),(0.7055955846690751-9.560176570374941e-17j)
(5.38+0j),(0.041976135033558674+1.1882429802500178e-22j),(0.7047227969270835+0j)
(5.4+0j),(0.023336590849343967+3.4991319718568208e-22j),(0.7039196079390506+3.2682329413987923e-17j)
(5.42+0j),(0.004695892433722504-4.579497089540357e-22j),(0.703187027305342-5.0761230362922286e-17j)
(5.44+0j),(-0.013945037457192992+2.2474312899056074e-22j),(0.7025258256940675+1.0034820272299166e-16j)
(5.46+0j),(-0.03258527918506544-8.823068406920444e-22j),(0.7019365371791909-2.9306932725520054e-17j)
(5.48+0j),(-0.05122390384983571-7.576522657441669e-22j),(0.7014194622037128+6.017042755191184e-17j)
(5.5+0j),(-0.06985996087322455-4.248515167308962e-22j),(0.7009746711564979+1.5559365044104807e-17j)
(5.5200000000000005+0j),(-0.08849246549566019-2.0843434203964806e-22j),(0.7006020085498625+1.2197104446242886e-16j)
(5.54+0j),(-0.10712038613680835-1.3292140047499089e-21j),(0.7003010977834977-1.4643118654339024e-16j)
(5.5600000000000005+0j),(-0.12574263156953702+0j),(0.7000713464786978+1.0858524264763109e-16j)
(5.58+0j),(-0.14435803785658635-9.837804922311826e-23j),(0.6999119523652036+1.4315444015882695e-16j)
(5.6000000000000005+0j),(-0.1629653549986121+9.64755629276415e-23j),(0.6998219097012471+3.3306558050535915e-17j)
(5.62+0j),(-0.18156323324145648+1.0405159081748766e-21j),(0.6998000162056558-5.763674732087369e-17j)
(5.64+0j),(-0.20015020898964972-2.7818058347917043e-22j),(0.6998448804791126-5.699648851522985e-17j)
(5.66+0j),(-0.2187246902721106+1.3631630648323396e-22j),(0.6999549298899247-1.2078307149564872e-16j)
(5.68+0j),(-0.23728494170490846-3.1165002432128217e-22j),(0.7001284188979158-5.574331837746496e-17j)
(5.7+0j),(-0.2558290688947643+3.0527469737160233e-22j),(0.7003634377883825+6.300558153792646e-17j)
(5.72+0j),(-0.2743550022256556+3.4164598391717566e-22j),(0.7006579217864103-1.9473169388835343e-16j)
(5.74+0j),(-0.2928604799695882+0j),(0.7010096605202945+0j)
(5.76+0j),(-0.3113430306611529+1.8409735161671157e-22j),(0.7014163078013603+9.143851166083818e-17j)
(5.78+0j),(-0.32979995467411144+2.0009402108485977e-23j),(0.701875391686105+1.5073689340156457e-17j)
(5.8+0j),(-0.34822830493686285+2.0543298807279746e-22j),(0.7023843247853807+7.454878128312466e-17j)
(5.82+0j),(-0.36662486672220845+0j),(0.7029404147842437+5.899154954049142e-17j)
(5.84+0j),(-0.38498613644559315+6.584525353110376e-22j),(0.7035408751351828+1.1670415385591778e-16j)
(5.86+0j),(-0.4033082994048178+1.641390037442613e-22j),(0.7041828358866645-4.32902705755922e-17j)
(5.88+0j),(-0.42158720639314845-4.715948540383089e-22j),(0.7048633546083869-1.9983656859617147e-16j)
(5.9+0j),(-0.43981834911702816+4.512117273736802e-22j),(0.7055794273742201+1.129585028859769e-16j)
(5.92+0j),(-0.4579968343490474+3.382434005895885e-23j),(0.7063279997636382+9.777145950548072e-17j)
(5.94+0j),(-0.476117356746733-4.611423780620225e-22j),(0.7071059778424653+5.526641055016101e-17j)
(5.96+0j),(-0.49417417026801247-2.8846138063775283e-22j),(0.7079102390839648-9.567260760706544e-17j)
(5.98+0j),(-0.5121610581151459+1.5580702824907076e-22j),(0.7087376431917375+1.2168036362915304e-16j)
(6+0j),(-0.530071301140451+7.2644864421386645e-22j),(0.7095850427865297-2.674826151508551e-17j)
(6.0200000000000005+0j),(-0.5478976446495738-2.3498154907342264e-22j),(0.7104492939198811-2.6459483323076447e-17j)
(6.04+0j),(-0.5656322635413645-2.277841007462517e-22j),(0.7113272663785865-2.61736610883502e-17j)
(6.0600000000000005+0j),(-0.5832667257279461+0j),(0.7122158537451654-1.553442844087279e-16j)
(6.08+0j),(-0.6007919537843974-2.1329014295178204e-22j),(0.713111983180954+5.122113179716119e-17j)
(6.1000000000000005+0j),(-0.6181981847848136+3.08984023760971e-22j),(0.7140126249000073-5.066628912174901e-17j)
(6.12+0j),(-0.635474928290729-9.932531926107453e-23j),(0.7149148013037419+2.5058382333911958e-17j)
(6.140000000000001+0j),(-0.6526109224691464+9.563658910888841e-23j),(0.7158155957481555+2.4786215734551242e-17j)
(6.16+0j),(-0.6695940883310203+6.894628886097935e-22j),(0.7167121609174589-1.7161609812038038e-16j)
(6.18+0j),(-0.6864114820974963+2.205024041759635e-22j),(0.7176017267801152+4.849887246689676e-17j)
(6.2+0j),(-0.7030492457205744+2.1113741420550088e-22j),(0.7184816081054978-2.398471685247439e-17j)
(6.22+0j),(-0.719492555607936-2.42074440500388e-22j),(0.7193492115217262-9.488951977133983e-17j)
(6.24+0j),(-0.735725569628545+7.691207142780774e-23j),(0.7202020420975892+9.384952766593179e-17j)
(6.26+0j),(-0.7517313725070625+3.655942038408231e-22j),(0.7210377094339265+0j)
(6.28+0j),(-0.7674919197514243+6.931448075802757e-23j),(0.7218539332522791+2.2949246283864966e-17j)
(6.3+0j),(-0.7829879802998273+0j),(0.7226485484710932+1.0213217653086788e-16j)
(6.32+0j),(-0.7981990781212918-6.168647097030108e-23j),(0.7234195097622313+1.683377391153683e-16j)
(6.34+0j),(-0.8131034330587004+2.893586904638353e-22j),(0.7241648955829724+4.439239509682297e-17j)
(6.36+0j),(-0.8276779012651574+2.1625543187429853e-22j),(0.72488291168109+4.389902495349302e-17j)
(6.38+0j),(-0.8418979156545388-1.5080850043213607e-22j),(0.7255718940729392-4.340991140576493e-17j)
(6.4+0j),(-0.8557374268655735-9.29927430821248e-23j),(0.7262303114967592-1.0731254445677725e-16j)
(6.42+0j),(-0.8691688453264995-8.55066204093754e-23j),(0.7268567673455879+1.5916617131092758e-16j)
(6.44+0j),(-0.8821629851046713+7.810076923932705e-23j),(0.7274500010862907+0j)
(6.46+0j),(-0.8946890103329111+7.079799680703624e-23j),(0.7280088891731948-6.2243042775868e-17j)
(6.48+0j),(-0.9067143851221815+6.362400010607075e-23j),(0.728532445466706-1.641083003075031e-16j)
(6.5+0j),(-0.9182048279984787+5.660759452877394e-23j),(0.7290198211690446-5.0703615536924714e-17j)
(6.5200000000000005+0j),(-0.9291242720405164+0j),(0.7294703042908673-1.2532125623269991e-16j)
(6.54+0j),(-0.939434832043418-1.079495877908222e-22j),(0.7298833186640497+7.433774036373065e-17j)
(6.5600000000000005+0j),(-0.9490967801914364-9.210965052426465e-23j),(0.7302584225172591+1.175845944284361e-16j)
(6.58+0j),(-0.9580685318884735+7.70418196699052e-23j),(0.7305953066321874+2.9060256007691205e-17j)
(6.6000000000000005+0j),(-0.9663066435670062-7.543942818936817e-23j),(0.7308937920993848+2.1545562781817718e-17j)
(6.62+0j),(-0.9737658244714842+1.9885716497137656e-23j),(0.7311538276936038-3.313057038444629e-17j)
(6.640000000000001+0j),(-0.9803989645881496+0j),(0.7313754868893556+6.37443384671323e-17j)
(6.66+0j),(-0.9861571810653259-1.082732953650809e-23j),(0.7315589645380725+2.8238585087306313e-16j)
(6.68+0j),(-0.9909898856314515+1.4319471168765043e-23j),(0.7317045732288051+8.685094553438167e-17j)
(6.7+0j),(-0.9948448756661756+4.162036672055284e-24j),(0.731812739354811+1.8072709422728213e-17j)
(6.72+0j),(-0.9976684517052978+3.8252910377579046e-24j),(0.7318839989086737+1.1610985101116105e-16j)
(6.74+0j),(-0.9994055642543332+1.4864675563811683e-24j),(0.7319189930287886-3.5310892011566146e-17j)
(6.76+0j),(-0.9999999928380569+3.639642270498946e-29j),(0.7319184633201004+1.9631124171443323e-16j)
(6.78+0j),(-0.9993945602130243+1.5632056613331066e-24j),(0.7318832469719583-1.7246383093621727e-17j)
(6.8+0j),(-0.9975313846041998-1.2952910568414441e-23j),(0.7318142716958148+1.2783699991653679e-16j)
(6.82+0j),(-0.9943521726817431-2.007360508048665e-23j),(0.7317125505052775+5.0536623251870085e-17j)
(6.84+0j),(-0.989798555755188-1.841917139423361e-23j),(0.7315791763607079+4.994462488958885e-17j)
(6.86+0j),(-0.9838124713148853-2.9692506008750325e-23j),(0.7314153167002033-5.758527766082706e-17j)
(6.88+0j),(-0.9763365915798881-8.818297200903845e-23j),(0.7312222078783265-4.064931665219889e-17j)
(6.9+0j),(-0.9673148001036992+3.092804253045378e-23j),(0.7310011495334604+9.64114761871206e-17j)
(6.92+0j),(-0.9566927167323147+8.32296088525423e-23j),(0.7307534989040974-4.7638483512255915e-17j)
(6.94+0j),(-0.94441827029366+1.0845637343282505e-22j),(0.7304806651137573-4.7077414073096444e-17j)
(6.96+0j),(-0.9304423173185179+6.888950458722505e-23j),(0.7301841034436019-9.304505111155973e-17j)
(6.98+0j),(-0.9147193038507584+0j),(0.7298653096111083+3.064920771289691e-17j)
(7+0j),(-0.8972079660059761-3.144827075535597e-22j),(0.7295258140724831+7.571877242133777e-17j)
(7.0200000000000005+0j),(-0.8778720633980094+3.7898380820494796e-22j),(0.7291671763657336-4.489487019181751e-17j)
(7.04+0j),(-0.856681137897019+4.509584448644185e-22j),(0.7287909795105988+2.9576412233906854e-17j)
(7.0600000000000005+0j),(-0.8336112884466377+5.306776564191892e-22j),(0.7283988244807639+1.4613497340063188e-17j)
(7.08+0j),(-0.8086459508982594-4.1224958599599335e-22j),(0.7279923247630071+1.4440824259010157e-17j)
(7.1000000000000005+0j),(-0.7817766700765926-2.3807870526644377e-22j),(0.7275731010171755-1.427017988675751e-17j)
(7.12+0j),(-0.7530038496423168-5.455983243213176e-22j),(0.7271427758500875+1.2691400747404413e-16j)
(7.140000000000001+0j),(-0.7223374638449475+9.30932818812974e-22j),(0.7267029687157017+9.754461548361306e-17j)
(7.16+0j),(-0.6897977140492015+0j),(0.726255290953117+2.7540672803389894e-17j)
(7.18+0j),(-0.6554156120630086+1.181078583731861e-21j),(0.7258013409732063+1.6329264012212455e-16j)
(7.2+0j),(-0.619233471885943+4.394913374575065e-22j),(0.725342699603932-2.6894169384412197e-17j)
(7.22+0j),(-0.5813052916190443+1.4638021285440738e-21j),(0.7248809256036443+1.4617260273621468e-16j)
(7.24+0j),(-0.5416970080041392+1.0778268466058807e-21j),(0.7244175513509317+3.9395125229500424e-17j)
(7.26+0j),(-0.5004866074485989-1.77687353814399e-21j),(0.7239540787188711-7.78616462145034e-17j)
(7.28+0j),(-0.4577640794699353-6.478978872314159e-22j),(0.7234919751408018+1.0259281565624847e-16j)
(7.3+0j),(-0.41363120126405095+0j),(0.7230326698740746-1.0138540871539119e-16j)
(7.32+0j),(-0.3682011455253449-4.589800053378989e-21j),(0.7225775504675109+1.001931811344093e-16j)
(7.34+0j),(-0.3215979076529164-2.4778177773261802e-21j),(0.7221279594376602+7.426200086445001e-17j)
(7.36+0j),(-0.2739555529527122-1.7763308596840693e-21j),(0.721685191158263+1.7124403067442412e-16j)
(7.38+0j),(-0.22541728924278756+9.513359982492626e-21j),(0.7212504889666994-9.670623121505907e-17j)
(7.4+0j),(-0.17613437520882377-1.1166336694957314e-20j),(0.7208250424905402+5.973334547687914e-17j)
(7.42+0j),(-0.12626487973916822+0j),(0.720409985196727+2.361373636049158e-16j)
(7.44+0j),(-0.07597231207980218-4.572570429354895e-21j),(0.7200063921652597+0j)
(7.46+0j),(-0.02542414677766341-7.239935729569799e-21j),(0.7196152780886951-4.613045983185774e-17j)
(7.48+0j),(0.025209729171470668+1.269349679934742e-21j),(0.7192375954981529+7.978685710881794e-17j)
(7.5+0j),(0.0757586169578432+3.992581118446465e-21j),(0.7188742332159539+1.1265358479804407e-17j)
(7.5200000000000005+0j),(0.12605262274856588-2.7816659985763204e-21j),(0.7185260150344365-4.4537207798688866e-17j)
(7.54+0j),(0.17592425845840742-5.795703683933201e-21j),(0.7181936986199403+1.3205917678783082e-16j)
(7.5600000000000005+0j),(0.2252099948690975-2.0315011052089382e-20j),(0.7178779746404038+1.4140392591146956e-16j)
(7.58+0j),(0.2737517370754791+5.453703851410719e-21j),(0.71757946611446-5.375580469457075e-17j)
(7.6000000000000005+0j),(0.3213981948295134-4.0220189439557075e-21j),(0.7172987279794087+3.188015025278318e-17j)
(7.62+0j),(0.36800612379732894-4.969169523928198e-21j),(0.7170362468749132+2.1007740114480393e-17j)
(7.640000000000001+0j),(0.4134414178704385-1.4456245431590002e-20j),(0.716792441138751-8.825208512447781e-17j)
(7.66+0j),(0.45758003728157537-3.047910506281826e-20j),(0.7165676610104749-3.5920075089671396e-17j)
(7.68+0j),(0.5003087621569359+1.3342732093189567e-20j),(0.7163621890383329+3.043406483061131e-17j)
(7.7+0j),(0.54152576607706+1.812729650681127e-21j),(0.7161762406843378+5.5154024263908105e-17j)
(7.72+0j),(0.5811410090166172+1.8426860917256975e-21j),(0.7160099651219138-2.973841230092341e-17j)
(7.74+0j),(0.6190764535109038-3.7377231626317055e-21j),(0.7158634462201104-1.0289017673314497e-16j)
(7.76+0j),(0.655266111904911-9.456252501122548e-22j),(0.7157367037079442+1.6951834568934708e-16j)
(7.78+0j),(0.6896559359681513-1.909878399451628e-21j),(0.7156296945120149+1.122172945118755e-16j)
(7.8+0j),(0.7222035629303779+5.774399104945617e-21j),(0.7155423142601643+4.0232120654616824e-17j)
(7.82+0j),(0.7528779340750863+1.258461808439299e-20j),(0.7154743989435715-1.403738497754242e-17j)
(7.84+0j),(0.7816588034181023+8.747409023240397e-21j),(0.7154257267293149+1.0407914280622322e-16j)
(7.86+0j),(0.808536154728635+1.9482450037624596e-21j),(0.7153960199151339+1.371904085344278e-17j)
(7.88+0j),(0.8335095452745792+1.949366054330692e-21j),(0.7153849470177883-6.78140869496508e-17j)
(7.9+0j),(0.8565873942667748+9.736940894227909e-22j),(0.7153921249861602+3.575604257733281e-17j)
(7.92+0j),(0.8777862331232473-2.768032812870657e-20j),(0.7154171215299833+1.5907325128871687e-16j)
(7.94+0j),(0.8971299334661569+2.902223123802848e-21j),(0.7154594575548545-1.5726660491184108e-16j)
(7.96+0j),(0.9146489272922412+7.217172270076375e-21j),(0.7155186096940024-5.182729161571544e-17j)
(7.98+0j),(0.9303794321098834+5.735869717220328e-21j),(0.7155940129271142+2.5619781503235577e-17j)
(8+0j),(0.9443626920922013+0j),(0.7156850632763887-5.910204268894042e-17j)
(8.02+0j),(0.9566442445261406+8.461346091599369e-21j),(0.7157911205698889-5.0085163761681834e-17j)
(8.040000000000001+0j),(0.9672732191010682-1.3496850769405173e-20j),(0.7159115112621826+0j)
(8.06+0j),(0.976301675924222-3.682641238701516e-21j),(0.716045531302249-8.159675381533956e-17j)
(8.08+0j),(0.9837839866101225-1.8422759191337152e-20j),(0.7161924490386036+3.226962776388211e-17j)
(8.1+0j),(0.9897762613917472+4.041981577013375e-21j),(0.7163515081516316-4.7857312147455226e-17j)
(8.120000000000001+0j),(0.9943358239582913+2.6472164370188148e-20j),(0.7165219306031944+9.463311014565968e-17j)
(8.14+0j),(0.9975207346446406-1.0918509537114292e-21j),(0.7167029195936527-1.0915814963455973e-16j)
(8.16+0j),(0.999389361681653-1.8822129876256453e-20j),(0.7168936625166126-6.167164731863198e-17j)
(8.18+0j),(0.9999999994587268-8.279928440222521e-21j),(0.7170933339018256-4.57314678203978e-17j)
(8.2+0j),(0.9994105321417391+7.50020559325733e-21j),(0.7173010983369028+0j)
(8.22+0j),(0.9976781405182182-7.067634179817902e-21j),(0.7175161133587235-4.470472267251933e-17j)
(8.24+0j),(0.9948590495937415+5.335365087781146e-21j),(0.7177375323056655+1.0313346206463586e-16j)
(8.26+0j),(0.9910083142243065-5.53779617268139e-21j),(0.7179645071220835-8.74021372091261e-17j)
(8.28+0j),(0.9861796399239983+6.020271479008167e-21j),(0.7181961911067767-4.3207674313596623e-17j)
(8.3+0j),(0.9804252359210673-3.621718592857967e-21j),(0.7184317415975243+0j)
(8.32+0j),(0.9737956975349616+2.6184406358923308e-21j),(0.7186703225841289+2.8158213684624643e-17j)
(8.34+0j),(0.9663399149991987-1.0273488391893216e-20j),(0.7189111072428127+8.352039253187175e-17j)
(8.36+0j),(0.9581050059488442-1.1513321172589978e-20j),(0.7191532803851989+8.257666939611578e-17j)
(8.38+0j),(0.9491362689166788-2.857031563762091e-20j),(0.7193960408155603+1.3607219855212738e-17j)
(8.4+0j),(0.9394771553301131+1.2445515309080344e-20j),(0.7196386035904402+1.3453365665636608e-17j)
(8.42+0j),(0.9291692576641022+9.146756217095029e-21j),(0.7198802021752354-5.320476728419433e-17j)
(8.44+0j),(0.9182523115773588+2.6552766920311377e-21j),(0.7201200904927691+3.94520257315889e-17j)
(8.46+0j),(0.9067642100350611-6.502793701364633e-21j),(0.7203575448594027+0j)
(8.48+0j),(0.8947410275967005-5.732393348330692e-21j),(0.7205918658046825-5.141810121936984e-17j)
(8.5+0j),(0.8822170532195883+1.0604450639728436e-20j),(0.7208223797710547-3.8126548367076336e-17j)
(8.52+0j),(0.8692248300943092-8.552118941892752e-21j),(0.7210484406906303-3.769423757940183e-17j)
(8.540000000000001+0j),(0.8557952011862746-1.5552276630818763e-20j),(0.7212694314365329-7.453316993468759e-17j)
(8.56+0j),(0.8419573593061581+1.4056673788260857e-20j),(0.7214847651468078+1.228117796322089e-17j)
(8.58+0j),(0.8277389006707865+0j),(0.7216938864194096+2.4283353053606757e-17j)
(8.6+0j),(0.813165881044367-2.807350758877518e-21j),(0.7218962723772304-1.2003673026542442e-17j)
(8.620000000000001+0j),(0.7982628736677839+0j),(0.7220914336026459+7.120290232534552e-17j)
(8.64+0j),(0.7830530282911641+0j),(0.722278914941504+5.866046044746522e-17j)
(8.66+0j),(0.7675581307222529+0j),(0.722458296176944-8.118937499639507e-17j)
(8.68+0j),(0.7517986623909477+0j),(0.7226291925738854-2.2932610124207514e-17j)
(8.700000000000001+0j),(0.735793859508759+1.5155854290226478e-21j),(0.7227912552954507-5.667772923180632e-17j)
(8.72+0j),(0.7195617714721084-9.8935521218299e-22j),(0.7229441716930002-1.0085570954883902e-16j)
(8.74+0j),(0.7031193182203077+0j),(0.7230876654718585+0j)
(8.76+0j),(0.6864823463138292+0j),(0.7232214967351802-7.666142451653092e-17j)
(8.78+0j),(0.6696656835464331+1.858279535897296e-21j),(0.7233454619087769-4.3305612286528307e-17j)
(8.8+0j),(0.6526831919466476+0j),(0.7234593935500531-1.7659163438573901e-16j)
(8.82+0j),(0.6355478190604062+0j),(0.7235631600445109+1.1108979133944564e-16j)
(8.84+0j),(0.6182716474381065+8.731249504189337e-22j),(0.7236566651936021-1.0458761261635515e-16j)
(8.86+0j),(0.6008659422762703-1.710701140047238e-21j),(0.7237398476979453+6.203312812169e-17j)
(8.88+0j),(0.5833411971870082-1.6760202762544947e-21j),(0.7238126805402003+3.321580815624751e-17j)
(8.9+0j),(0.5657071780879548-1.6421886099285208e-21j),(0.7238751702721148+6.440618959617808e-17j)
(8.92+0j),(0.5479729652217169+8.045934490762646e-22j),(0.7239273562104451+2.1846327432632285e-17j)
(8.94+0j),(0.5301469933275821+0j),(0.7239693095466535-7.033885593549925e-17j)
(8.96+0j),(0.5122370899994324-1.5455943412958324e-21j),(0.7240011323754377+5.611197078281289e-17j)
(8.98+0j),(0.4942505122730751-1.5149632865819131e-21j),(0.7240229566472648-2.4115830759327272e-17j)
(9+0j),(0.47619398149352843+0j),(0.7240349430502244+9.535295668323136e-18j)
(9.02+0j),(0.4580737165186721+7.279649322265602e-22j),(0.7240372798265797-1.555204747103763e-16j)
(9.040000000000001+0j),(0.4398954653201832+7.137433007816121e-22j),(0.7240301815294786+1.6304548708694218e-16j)
(9.06+0j),(0.42166453504598717+0j),(0.724013887725329-3.6837961952491146e-17j)
(9.08+0j),(0.40338582061085676-6.863224818317848e-22j),(0.7239886616473825-3.641315912949452e-17j)
(9.1+0j),(0.385063831883447+0j),(0.723954788806047+0j)
(9.120000000000001+0j),(0.3667027195388248-1.3203950598907479e-21j),(0.7239125755614867+0j)
(9.14+0j),(0.3483062996459652+0j),(0.723862347663995-2.6375252406512277e-17j)
(9.16+0j),(0.32987807705955435+0j),(0.7238044487676017-1.7380451921757173e-17j)
(9.18+0j),(0.3114212676849131+6.232660265673582e-22j),(0.7237392389223145+6.871876419186728e-17j)
(9.200000000000001+0j),(0.29293881968409435+6.115182622787686e-22j),(0.723667093050311-1.6981199466515244e-16j)
(9.22+0j),(0.2744334336901828+1.8001081639720246e-21j),(0.7235883994113035+6.713983078656146e-17j)
(9.24+0j),(0.25590758209559933+0j),(0.7235035580621965+4.977283883487457e-17j)
(9.26+0j),(0.23736352747905598+5.77831332246667e-22j),(0.7234129793160456-1.6399145758722017e-17j)
(9.28+0j),(0.21880334023420567+0j),(0.7233170822051732+6.48381467224864e-17j)
(9.3+0j),(0.20022891546190405+1.113158707972487e-21j),(0.7232162929531817+6.408839828697674e-17j)
(9.32+0j),(0.18164198918631339+0j),(0.7231110434604295+9.502088961592445e-17j)
(9.34+0j),(0.16304415395391073+1.0724199263562222e-21j),(0.7230017698073915+1.5653663245875183e-17j)
(9.36+0j),(0.14443687387295803+1.5790048722811234e-21j),(0.7228889107801367+0j)
(9.38+0j),(0.1258214991498151+5.166553522648146e-22j),(0.7227729064219999-6.117472160049503e-17j)
(9.4+0j),(0.10719928017725283+0j),(0.7226541966153127-1.2093447986900904e-16j)
(9.42+0j),(0.08857138122868832+0j),(0.7225332196968963-1.6436193383503888e-16j)
(9.44+0j),(0.06993889381151241+0j),(0.7224104111107982-1.1815370122081499e-16j)
(9.46+0j),(0.05130284973151156-9.59461360348127e-22j),(0.7222862021015674+8.759067710866998e-17j)
(9.48+0j),(0.03266423391982186-9.418181392625456e-22j),(0.7221610184511482+5.771869892272907e-17j)
(9.5+0j),(0.014023997073065694+1.155590462034936e-21j),(0.7220352792622775+7.131439195992997e-17j)
(9.52+0j),(-0.004616931843110549+1.1342617350781957e-21j),(0.7219093957910385-1.5507840948058145e-16j)
(9.540000000000001+0j),(-0.023257633177248212-1.3359221503129113e-21j),(0.7217837703310314+0j)
(9.56+0j),(-0.04189718421254663+8.740743064028692e-22j),(0.7216587951513941+1.6528968520416618e-16j)
(9.58+0j),(-0.06053464677506178+0j),(0.7215348514906903-1.3615044732547024e-16j)
(9.6+0j),(-0.07916905478016627+0j),(0.7214123086084774-1.8840953687600967e-16j)
(9.620000000000001+0j),(-0.09779940166757349+0j),(0.7212915228961335-2.6604916645136954e-17j)
(9.64+0j),(-0.11642462767497687-2.025444116438597e-22j),(0.7211728370483265+7.889356438533606e-17j)
(9.66+0j),(-0.13504360689982395+7.947024669887161e-22j),(0.7210565792962792+7.798326699566477e-17j)
(9.68+0j),(-0.1536551340982734+1.3639511231256515e-21j),(0.7209430627037798+3.2118223767839795e-16j)
(9.700000000000001+0j),(-0.17225791116956096-3.8212968946610197e-22j),(0.7208325845266856+1.269914230949956e-17j)
(9.72+0j),(-0.19085053327321144-7.4926606755344945e-22j),(0.7207254256364375+2.510549895730945e-17j)
(9.74+0j),(-0.20943147452567457+1.8360206889816862e-22j),(0.7206218500079238-2.48161818920443e-17j)
(9.76+0j),(-0.22799907322170482+1.7991843716799702e-22j),(0.7205221042718233-2.0850749351899135e-16j)
(9.78+0j),(-0.2465515165248506+1.7626260257869806e-22j),(0.7204264173313502+1.3336286351116197e-16j)
(9.8+0j),(-0.2650868245700619+0j),(0.7203350000431509+0j)
(9.82+0j),(-0.2836028339200758+8.451123688219014e-23j),(0.7202480449619065-1.184639982414828e-16j)
(9.84+0j),(-0.3020971803160618+9.925942186488309e-22j),(0.7201657261480022-1.4052135934147986e-16j)
(9.86+0j),(-0.3205672806612899+7.283630096509401e-22j),(0.7200881990374745+8.102809162866135e-17j)
(9.88+0j),(-0.3390103141755243+1.582979232470608e-22j),(0.7200156003732473-2.0596257605011165e-16j)
(9.9+0j),(-0.3574232026561483+8.511144030214665e-22j),(0.7199480481965274-2.940824838861927e-16j)
(9.92+0j),(-0.3758025897808964+0j),(0.7198856418970634+8.944736412997944e-17j)
(9.94+0j),(-0.3941448193857173-9.598535931063365e-22j),(0.7198284623208073+3.315753982473475e-17j)
(9.96+0j),(-0.4124459126501854+2.522383525444925e-22j),(0.7197765719334056-3.823968347450759e-17j)
(9.98+0j),(-0.4307015441220707-7.030150993302574e-23j),(0.7197300150377779+1.4580314796898057e-16j)
(10+0j),(-0.44890701651186393+2.7413571723344235e-22j),(0.7196888180439278-5.871977296200067e-17j)
(10.02+0j),(-0.4670572341879003+1.6691053533992484e-23j),(0.7196529897890187+5.672706524080063e-17j)
(10.040000000000001+0j),(-0.48514667530263195+5.605497037315697e-22j),(0.7196225219056064-5.020816430211066e-17j)
(10.06+0j),(-0.5031693624814099-2.854509824469823e-22j),(0.7195973892358487+1.804824354946224e-17j)
(10.08+0j),(-0.5211188320061243-2.764422141075228e-22j),(0.7195775502893867-8.92071642146347e-17j)
(10.1+0j),(-0.5389881014282323+2.83304238248305e-22j),(0.7195629477425277-9.826356705468934e-17j)
(10.120000000000001+0j),(-0.5567696355483639-4.627793000606525e-22j),(0.7195535089762656-1.992578875217036e-17j)
(10.14+0j),(-0.5744553107037186-2.5219847586295357e-22j),(0.7195491466506119-6.894178321940417e-17j)
(10.16+0j),(-0.5920363773095942-4.880918864001144e-22j),(0.7195497593126464+2.434023108189082e-17j)
(10.18+0j),(-0.6095034206078558+1.0482370713923584e-22j),(0.7195552320356473+1.5399481313515526e-16j)
(10.200000000000001+0j),(-0.6268463195835496-5.058195470781063e-22j),(0.719565437086612-1.7126206583909103e-16j)
(10.22+0j),(-0.6440542040209515+4.8742453832714304e-23j),(0.7195802346194563-1.598973367982085e-16j)
(10.24+0j),(-0.6611154096827737+9.378643980236523e-23j),(0.7195994733911389-1.5806869553957456e-16j)
(10.26+0j),(-0.6780174316112634-4.0530860385793374e-22j),(0.7196229914979603-2.5737155724309684e-16j)
(10.28+0j),(-0.6947468755677162-8.63317694882338e-23j),(0.719650617129263-2.7260273210762568e-17j)
(10.3+0j),(-0.7112894076481686+1.651537430406862e-22j),(0.7196821693357691+1.3474337611591056e-16j)
(10.32+0j),(-0.7276297021378706+2.3641560897985987e-22j),(0.7197174588098075+5.328136516730196e-17j)
(10.34+0j),(-0.7437513876963403+1.5003718149897828e-22j),(0.719756288674682-1.4045999217041743e-16j)
(10.36+0j),(-0.7596369919984037-7.121942415235675e-23j),(0.7197984552804865-5.207065399304535e-17j)
(10.38+0j),(-0.7752678849958999+1.3482142747794665e-22j),(0.7198437490036861-1.5442723558927617e-16j)
(10.4+0j),(-0.7906242210093481-1.2719230964492797e-22j),(0.7198919550478391-2.0355072522346844e-16j)
(10.42+0j),(-0.805684879910261-1.1956039252522093e-22j),(0.7199428542428815-5.0306374346354135e-17j)
(10.44+0j),(-0.8204274077129791-1.6790434378834984e-22j),(0.7199962238404549-1.326179672984425e-16j)
(10.46+0j),(-0.8348279569608067+5.2166093680654736e-23j),(0.7200518383028272+0j)
(10.48+0j),(-0.8488612273654422+4.8381309957654717e-23j),(0.7201094700830207+3.240142413679722e-17j)
(10.5+0j),(-0.8625004072416647+8.924404675139024e-23j),(0.7201688903938508+8.007834178331786e-17j)
(10.52+0j),(-0.8757171163717138+1.635906957481498e-22j),(0.7202298699636541-6.333094912881053e-17j)
(10.540000000000001+0j),(-0.8884813510361278-2.2331390239121995e-22j),(0.7202921797765821+1.565189228867657e-17j)
(10.56+0j),(-0.9007614320603317-6.719612841114252e-23j),(0.7203555917954275-4.6419321816667714e-17j)
(10.58+0j),(-0.9125239568494218+0j),(0.720419879665053-1.5296356577323627e-17j)
(10.6+0j),(-0.9237337565169597-5.317121325413117e-23j),(0.7204848193945952+6.04864599686082e-17j)
(10.620000000000001+0j),(-0.9343538593574734-4.645253545295134e-23j),(0.7205501900167313+7.474428871708708e-17j)
(10.64+0j),(-0.9443454620655785-3.997868007863805e-23j),(0.7206157742223938-4.4334181472239327e-17j)
(10.66+0j),(-0.9536679102667172-6.758254278279906e-23j),(0.7206813589694542+4.3827597961887535e-17j)
(10.68+0j),(-0.9622786900934658+2.7936147443861376e-23j),(0.7207467360639933+5.776900295983296e-17j)
(10.700000000000001+0j),(-0.9701334327154052-2.2463602045169343e-23j),(0.7208117027129114+0j)
(10.72+0j),(-0.9771859339067059-1.7428617593569993e-23j),(0.7208760620467463-7.056999717598361e-17j)
(10.74+0j),(-0.9833881909100886+0j),(0.7209396236116831-8.371591058232272e-17j)
(10.76+0j),(-0.9886904590242592+8.915992647696072e-24j),(0.7210022038298816+0j)
(10.78+0j),(-0.9930413304983485-2.2294448442919648e-23j),(0.7210636264273463+6.81770147951895e-17j)
(10.8+0j),(-0.9963878384547499+0j),(0.721123722828712+2.69589184014809e-17j)
(10.82+0j),(-0.998675588672572+1.09516155255585e-24j),(0.7211823325184131+3.997582421435883e-17j)
(10.84+0j),(-0.9998489221386592-1.2694055054708324e-25j),(0.7212393033678571-5.269131668157193e-17j)
(10.86+0j),(-0.9998511113007031+5.0847504183166755e-25j),(0.7212944919283147+1.3022102445929625e-17j)
(10.88+0j),(-0.9986245929255761+0j),(0.7213477636893779+9.011152397401988e-17j)
(10.9+0j),(-0.9961112403623223+0j),(0.7213989933029363+6.362863506519214e-17j)
(10.92+0j),(-0.9922526778191906-2.0816379318244398e-23j),(0.7214480647727531-1.2580039867386847e-17j)
(10.94+0j),(-0.9869906389729098+0j),(0.7214948716098191-2.4871989345287277e-17j)
(10.96+0j),(-0.9802673718212191-5.472071342126846e-23j),(0.7215393169537694+6.146786494771883e-17j)
(10.98+0j),(-0.972026091152174-2.6265312748137766e-23j),(0.7215813136607722+0j)
(11+0j),(-0.9622114793227272+0j),(0.7216207843583612+1.2013527870480165e-17j)
(11.02+0j),(-0.9507702352040143+9.533572421535759e-23j),(0.7216576614678261-4.7503475994629514e-17j)
(11.040000000000001+0j),(-0.9376516701539082-6.128931576512715e-23j),(0.7216918871948176+1.056578647429261e-16j)
(11.06+0j),(-0.9228083487165306-1.5403704819084308e-22j),(0.7217234134889597+8.703894054718811e-17j)
(11.08+0j),(-0.9061967704264718-1.8994518880299315e-22j),(0.7217522019732971-1.3766568207346822e-16j)
(11.1+0j),(-0.8877780876240331-1.1526358944664027e-22j),(0.7217782238445247+7.371383821977156e-17j)
(11.120000000000001+0j),(-0.8675188525862119+0j),(0.7218014597449885+1.0089474050561356e-16j)
(11.14+0j),(-0.8453917855772006+3.265344333506578e-22j),(0.7218218996075318+9.142594531157033e-17j)
(11.16+0j),(-0.821376553662611+0j),(0.7218395424743168+1.328268621110098e-16j)
(11.18+0j),(-0.7954605483669324+2.2174514826079707e-22j),(0.7218543962908044-1.230117058463462e-16j)
(11.200000000000001+0j),(-0.767639648548185+2.5507678392469885e-22j),(0.721866477676144+3.7466842447747626e-17j)
(11.22+0j),(-0.737918953292546-2.91190006234843e-22j),(0.7218758116712424+1.0581940808218122e-17j)
(11.24+0j),(-0.7063134682790722+0j),(0.7218824314658532-6.014765649368139e-17j)
(11.26+0j),(-0.6728487280205876+0j),(0.7218863781060406-6.204216490948952e-17j)
(11.28+0j),(-0.6375613357429486+0j),(0.7218877001834149-5.621892409050753e-17j)
(11.3+0j),(-0.6004994025112909+4.633682397387213e-22j),(0.7218864535075538-2.020846539338708e-17j)
(11.32+0j),(-0.5617228676276992+0j),(0.7218827007630497-1.0986994540045627e-16j)
(11.34+0j),(-0.5213036833768205-5.652904003586368e-22j),(0.7218765111526352+0j)
(11.36+0j),(-0.4793258489264273-6.198048372761814e-22j),(0.7218679600278466-6.832007391684756e-17j)
(11.38+0j),(-0.435885280616122+0j),(0.7218571285086935+3.859148858549609e-17j)
(11.4+0j),(-0.39108950897036787+7.35016253666583e-22j),(0.7218441030938014+6.675908277979313e-17j)
(11.42+0j),(-0.3450571964989492+1.5905054870624873e-21j),(0.7218289752624859-2.828224792453071e-17j)
(11.44+0j),(-0.29791747460481416+8.568888468584649e-22j),(0.7218118410702135-2.0501956433180516e-16j)
(11.46+0j),(-0.24980910257613217+0j),(0.7217928007388862-3.684785544752786e-17j)
(11.48+0j),(-0.20087945653199077+0j),(0.7217719582433715-1.8212162023942828e-17j)
(11.5+0j),(-0.15128336112830973-1.0471109996880659e-21j),(0.7217494208956708-1.6202537007753456e-16j)
(11.52+0j),(-0.10118178160433618+0j),(0.7217252989281062+7.118348947466661e-17j)
(11.540000000000001+0j),(-0.05074039814543095+0j),(0.721699705076864+3.518259338904992e-17j)
(11.56+0j),(-0.00012808834973422725+1.2381023198544692e-21j),(0.7216727541672033+1.7389066359154236e-17j)
(11.58+0j),(0.05048465337233021+0j),(0.7216445627016066-3.437831213634777e-17j)
(11.6+0j),(0.1009273285175391+1.3610359880808939e-21j),(0.7216152484521012+8.495770371877e-17j)
(11.620000000000001+0j),(0.15103104729077496+1.4201112140479844e-21j),(0.7215849300579515-1.6796195520048094e-17j)
(11.64+0j),(0.20063010944731235+0j),(0.7215537266298567+6.641238295617307e-17j)
(11.66+0j),(0.24956352221990408+0j),(0.7215217573617595+1.641221694680684e-17j)
(11.68+0j),(0.2976764264886668+0j),(0.7214891411513186+1.1356474423082216e-16j)
(11.700000000000001+0j),(0.34482140538876255+0j),(0.7214559962300312-3.207405102692426e-17j)
(11.72+0j),(0.39085965335903605+0j),(0.7214224398039589-6.341065982553609e-17j)
(11.74+0j),(0.4356619880281961-1.7216190111421863e-21j),(0.7213885877059395-4.7011288653487405e-17j)
(11.76+0j),(0.47910969210686144-1.7607843591019473e-21j),(0.7213545540601176-2.168641414913217e-16j)
(11.78+0j),(0.5210951773913581+0j),(0.7213204509595699-1.5312240477359803e-17j)
(11.8+0j),(0.5615224678778611+0j),(0.7212863881577324+1.2108992336361625e-16j)
(11.82+0j),(0.6003075036443442-3.7124735833501314e-21j),(0.7212524727742943-7.481136368079088e-17j)
(11.84+0j),(0.637378271417098-1.880519258953144e-21j),(0.721218809016144+8.874188817640766e-17j)
(11.86+0j),(0.6726747714679285+0j),(0.7211854979139042+1.1696275005277672e-16j)
(11.88+0j),(0.7061488335952301+0j),(0.7211526370745307+4.335701267551405e-17j)
(11.9+0j),(0.73776379737103-9.654449983540793e-22j),(0.7211203204503808-1.428627392660411e-17j)
(11.92+0j),(0.7674940735708145-9.702057843757292e-22j),(0.7210886381251076-1.1297704695718412e-16j)
(11.94+0j),(0.7953246047576792+9.732355972411222e-22j),(0.7210576761166654+0j)
(11.96+0j),(0.8212502434118911-9.746012548375081e-22j),(0.7210275161976597+1.2419567492114176e-16j)
(11.98+0j),(0.8452750658455139+9.743775226773516e-22j),(0.7209982357332066+2.728201599392648e-17j)
(12+0j),(0.8674116395004952-9.726456157911207e-22j),(0.7209699075364239-2.6968662021003533e-17j)
(12.02+0j),(0.8876802601861951+0j),(0.7209425997415921+1.5995360889603428e-16j)
(12.040000000000001+0j),(0.9061081744610137-9.650057731824634e-22j),(0.7209163756950001-2.6352792614369484e-17j)
(12.06+0j),(0.922728800792536-9.592798743970185e-22j),(0.7208912938634051+0j)
(12.08+0j),(0.937580961425544-1.904814838242799e-21j),(0.7208674077600021-2.5751098031109185e-17j)
(12.1+0j),(0.9507081351226009+4.722409425669444e-22j),(0.720844765887737-2.5455463992893886e-17j)
(12.120000000000001+0j),(0.9621577391822767+1.4033938871115185e-21j),(0.7208234116997496-1.2581625823958486e-16j)
(12.14+0j),(0.9719804474386166-4.629202738894507e-22j),(0.7208033835766844-1.492465266796634e-16j)
(12.16+0j),(0.9802295493434287-9.153044246593042e-22j),(0.7207847148205563+6.761956543946616e-17j)
(12.18+0j),(0.9869603537606018-9.040733052492428e-22j),(0.7207674336648214+7.292024354999819e-17j)
(12.200000000000001+0j),(0.9922296397791789-2.2305738685626015e-22j),(0.7207515633002496-3.003478408353144e-17j)
(12.22+0j),(0.9960951556899547+0j),(0.7207371219161666-1.781409959094107e-17j)
(12.24+0j),(0.9986151662729168+2.167536163422997e-22j),(0.7207241227565825+4.40242995949377e-17j)
(12.26+0j),(0.9998480477067688-5.336175193463077e-23j),(0.7207125741906979-8.703851505222218e-18j)
(12.280000000000001+0j),(0.9998519287301438+1.3128725463451874e-22j),(0.7207024797972429+3.441604243937224e-17j)
(12.3+0j),(0.9986843761458488+0j),(0.7206938384620635+0j)
(12.32+0j),(0.9964021223517049+0j),(0.7206866444883583-1.7025747067385087e-16j)
(12.34+0j),(0.9930608322898007+3.9912230675938047e-22j),(0.7206808877189245-3.601587508860458e-17j)
(12.36+0j),(0.9887149070154564-1.5679492676134307e-21j),(0.7206765536697616+7.942180176741273e-17j)
(12.38+0j),(0.9834173209831066+0j),(0.7206736236743525-4.8731046765370467e-17j)
(12.4+0j),(0.9772194901145551+1.888249991459373e-21j),(0.7206720750379261+0j)
(12.42+0j),(0.9701711677424162+0j),(0.7206718812009884+2.6984692846974863e-16j)
(12.44+0j),(0.962320365596012-1.0900458083021796e-21j),(0.7206730119113959-1.1507010910589831e-16j)
(12.46+0j),(0.9537132971077215+1.425007005476805e-21j),(0.7206754334042368-3.1023011150633413e-17j)
(12.48+0j),(0.9443943404554944+0j),(0.720679108588771+9.200222984250954e-17j)
(12.5+0j),(0.9344060189136001-6.844641536238451e-22j),(0.7206839972416791+1.1115831511832507e-16j)
(12.52+0j),(0.9237889962520697+6.706626591597247e-22j),(0.7206900562058686-9.989481656171095e-18j)
(12.540000000000001+0j),(0.9125820850998153+6.570315681368946e-22j),(0.7206972395940795-1.974998957326735e-17j)
(12.56+0j),(0.9008222663625353+1.930759571799333e-21j),(0.7207054989965351+9.761824919121925e-18j)
(12.58+0j),(0.8885447179605457+0j),(0.72071478369189+1.1579947680932203e-16j)
(12.6+0j),(0.8757828513207753+1.2346123798151431e-21j),(0.7207250408607323+1.1447248526037004e-16j)
(12.620000000000001+0j),(0.8625683542191276+1.2089835236244175e-21j),(0.7207362158009016+0j)
(12.64+0j),(0.8489312387228579-5.919054406206179e-22j),(0.7207482521439039+1.6779609541390651e-16j)
(12.66+0j),(0.8348998931263351+0j),(0.7207610920717027+1.6587341090911365e-16j)
(12.68+0j),(0.8205011369072066+2.2697624717868535e-21j),(0.7207746765332005+5.465759788846011e-17j)
(12.700000000000001+0j),(0.8057602778529923+0j),(0.7207889454597199+1.8010442497968186e-17j)
(12.72+0j),(0.7907011706208452+0j),(0.7208038379788267+5.3412239834326427e-17j)
(12.74+0j),(0.775346276095544+0j),(0.720819292625854-1.408006668382208e-16j)
(12.76+0j),(0.7597167210032828-1.042870271826635e-21j),(0.7208352475525024-3.4796849623590397e-17j)
(12.780000000000001+0j),(0.7438323573219148-2.042199886787452e-21j),(0.7208516407319232+8.599538380978476e-17j)
(12.8+0j),(0.7277118211024876+0j),(0.720868410159709-1.1901408407166522e-16j)
(12.82+0j),(0.7113725903828515-9.790283757340435e-22j),(0.7208854940502474-2.1849364831912603e-16j)
(12.84+0j),(0.6948310419324836+9.587190406481641e-22j),(0.7209028310279141+1.4953162854179978e-16j)
(12.86+0j),(0.6781025066188198+9.388868693647532e-22j),(0.7209203603126203+6.569700359853584e-17j)
(12.88+0j),(0.6612013232304126+1.8390508139134854e-21j),(0.7209380218992428+0j)
(12.9+0j),(0.6441408906311217+0j),(0.7209557567305134+0j)
(12.92+0j),(0.6269337181535344+0j),(0.7209735068629604-6.346437647338195e-17j)
(12.94+0j),(0.6095914741687675-8.641902570010883e-22j),(0.7209912156255311+7.842140173495951e-17j)
(12.96+0j),(0.5921250327948766-1.6932676431563071e-21j),(0.7210088277705626-1.5504544773488226e-16j)
(12.98+0j),(0.5745445187271367-8.2950670152027965e-22j),(0.7210262896167824+1.8392235907091434e-16j)
(13+0j),(0.5568593501914644-1.6255988071168093e-21j),(0.7210435491840812-1.0605848379079353e-16j)
(13.02+0j),(0.5390782800371616-7.965021929143651e-22j),(0.7210605563197975-1.4977567405179023e-17j)
(13.040000000000001+0j),(0.5212094349975978+0j),(0.7210772628163221-1.4805906358798052e-16j)
(13.06+0j),(0.5032603531576859-7.6509821312627825e-22j),(0.7210936225198314-1.4636205932627697e-16j)
(13.08+0j),(0.4852380196751363-7.499712350014325e-22j),(0.7211095914300156+8.681066116566933e-17j)
(13.1+0j),(0.46714890080929855+1.4704280162584322e-21j),(0.7211251277906866+1.287233715535225e-16j)
(13.120000000000001+0j),(0.44899897631623464-2.162448914908509e-21j),(0.7211401921711805+1.2724779467733282e-16j)
(13.14+0j),(0.43079377027284893+7.067679060585965e-22j),(0.7211547475385137-9.78359398760611e-17j)
(13.16+0j),(0.41253838039558355+0j),(0.7211687593202658+4.1448997048412627e-17j)
(13.18+0j),(0.39423750592119694-2.03903500012439e-21j),(0.7211821954582105-8.194758725910967e-17j)
(13.200000000000001+0j),(0.37589547411843605-1.9998509219368174e-21j),(0.7211950264527248+1.3501338518325121e-17j)
(13.22+0j),(0.35751626549988047+0j),(0.7212072253980532-8.007920183399528e-17j)
(13.24+0j),(0.33910353780343777+1.2828225972564163e-21j),(0.7212187680085225-3.9580488593110424e-17j)
(13.26+0j),(0.3206606488126226+1.258494754014355e-21j),(0.7212296326358292+7.82532364643178e-17j)
(13.280000000000001+0j),(0.3021906780840467+0j),(0.7212398002775511+6.446321706776731e-17j)
(13.3+0j),(0.2836964476497197-1.2114985418669587e-21j),(0.7212492545770567+6.372394294877593e-18j)
(13.32+0j),(0.26518054176057115-1.1887924944787987e-21j),(0.7212579818150056+2.8976831136189655e-16j)
(13.34+0j),(0.24664532573647077-1.1665898347156728e-21j),(0.7212659708926694+1.8058481554475422e-16j)
(13.36+0j),(0.22809296398652804-5.72436217373535e-22j),(0.7212732133073037+9.23345896611651e-17j)
(13.38+0j),(0.20952543726223935-1.6854336903111408e-21j),(0.7212797031198365+1.4908328154238784e-16j)
(13.4+0j),(0.19094455920447065+0j),(0.7212854369151537+1.8045693452644253e-17j)
(13.42+0j),(0.17235199224398942-2.164909850746154e-21j),(0.7212904137552748-1.0554554619238902e-16j)
(13.44+0j),(0.15374926291382246+1.062503169907075e-21j),(0.7212946351257314+1.223361520108274e-16j)
(13.46+0j),(0.13513777663037893-1.0429504449384924e-21j),(0.7212981048754781-5.520049407106338e-17j)
(13.48+0j),(0.1165188319991302+1.5356705644427998e-21j),(0.7213008291506707-3.1591528135220095e-17j)
(13.5+0j),(0.09789363469934777-5.024884355544547e-22j),(0.7213028163226671-1.33433288441256e-16j)
(13.52+0j),(0.07926331100148414+2.4663102800090032e-21j),(0.721304076910611+2.0206310193511964e-16j)
(13.540000000000001+0j),(0.06062892096966945+9.684065506471642e-22j),(0.7213046234989662+3.329076436776269e-17j)
(13.56+0j),(0.04199147140113801+1.4259133512087044e-21j),(0.7213044706503848-1.0969588487659548e-17j)
(13.58+0j),(0.023351928553544694-4.66558065515876e-22j),(0.7213036348142913+2.710928100087372e-17j)
(13.6+0j),(0.004711230710607099-3.2056970998751768e-21j),(0.7213021342315644+1.2863132163351468e-16j)
(13.620000000000001+0j),(-0.013929699363893948+1.797972668723386e-21j),(0.7212999888357242-4.238506195800468e-17j)
(13.64+0j),(-0.03256994203413847-2.64696134992602e-21j),(0.7212972201510014+5.237331218772693e-17j)
(13.66+0j),(-0.051208568412780264-2.597705146130582e-21j),(0.721293851187695+1.0354451803500023e-16j)
(13.68+0j),(-0.06984462794450375-1.2745743882654315e-21j),(0.7212899063352128+5.11780896024065e-17j)
(13.700000000000001+0j),(-0.0884771359030312+4.1687520920494407e-22j),(0.7212854112531775-2.023629059055622e-17j)
(13.72+0j),(-0.10710506075178694-1.6359814703800765e-21j),(0.7212803927610021-7.001413023902785e-17j)
(13.74+0j),(-0.12572731131805762+1.2036359208377569e-21j),(0.7212748787263086+4.943611348634622e-17j)
(13.76+0j),(-0.1443427237298468-1.1805554759470318e-21j),(0.7212688979525768-3.9094970327487645e-17j)
(13.780000000000001+0j),(-0.16295004806420574+3.8590848074916528e-22j),(0.7212624800663944+1.545850149440915e-16j)
(13.8+0j),(-0.18154793465477806+3.783755893300754e-22j),(0.7212556554046773+1.1460804706781687e-16j)
(13.82+0j),(-0.20013492000568278-3.709135570661433e-22j),(0.7212484549022169+0j)
(13.84+0j),(-0.21870941225756785+7.270324246850315e-22j),(0.7212409099799004-5.599611562966e-17j)
(13.86+0j),(-0.23726967615083316+8.90443680873804e-22j),(0.7212330524339525+1.2915791820530892e-16j)
(13.88+0j),(-0.25581381742961445+8.722283589085294e-22j),(0.7212249143265134-5.4718046637044754e-17j)
(13.9+0j),(-0.27433976662890336-3.416519230315946e-22j),(0.7212165278778787+1.802999720787313e-17j)
(13.92+0j),(-0.29284526218592083+1.1705869019400816e-21j),(0.721207925360703-1.0693829199246175e-16j)
(13.94+0j),(-0.3113278328152841+1.6364503093135788e-21j),(0.7211991389964493+8.809238025180574e-17j)
(13.96+0j),(-0.329784779086303-4.802344393532293e-22j),(0.7211902008543783+3.4832504899918575e-17j)
(13.98+0j),(-0.3482131541391528-3.1304658533909133e-22j),(0.7211811427533164+1.549471611283721e-16j)
(14+0j),(-0.3666097434754267-1.3767999453947264e-21j),(0.7211719961664717+5.105623819183661e-17j)
(14.02+0j),(-0.38497104375726077-1.0460726231563576e-21j),(0.7211627921295128+0j)
(14.040000000000001+0j),(-0.4032932405478969+1.896755173207342e-21j),(0.7211535611521407-3.3260639694475434e-17j)
(14.06+0j),(-0.4215721849257716+3.559279123232866e-22j),(0.7211443331333406+4.931834247451749e-17j)
(14.08+0j),(-0.43980336890323124+9.024423615597356e-22j),(0.7211351372805107+3.25015370955064e-17j)
(14.1+0j),(-0.4579818995805926+6.765013624716641e-22j),(0.7211260020326272+4.819277409877008e-17j)
(14.120000000000001+0j),(-0.4761024719660239+8.89365708486102e-22j),(0.7211169549875956+4.763967368449201e-17j)
(14.14+0j),(-0.4941593403922188+1.5384957920212559e-21j),(0.7211080228339298-1.569764367625976e-17j)
(14.16+0j),(-0.512146288461553-1.0127695162213102e-21j),(0.721099231286872+1.551749117914756e-17j)
(14.18+0j),(-0.5300565974531074-2.2702072013977946e-23j),(0.7210906050290532+0j)
(14.200000000000001+0j),(-0.5478830131272927-5.287217823128959e-22j),(0.7210821676557811-4.549012751542643e-17j)
(14.22+0j),(-0.5656177108670858-4.982907035557393e-22j),(0.7210739416250235+5.995746349322216e-17j)
(14.24+0j),(-0.5832522590995775-7.168212515363543e-22j),(0.721065948212133+1.4817356715258073e-16j)
(14.26+0j),(-0.6007775809471005-1.5997210125291766e-22j),(0.7210582074693574+0j)
(14.280000000000001+0j),(-0.6181839140648046+1.544965289451231e-21j),(0.7210507381901464+1.158339945493737e-16j)
(14.3+0j),(-0.6354607686306262+1.3905968503297559e-21j),(0.7210435578782625-4.293931782476253e-17j)
(14.32+0j),(-0.6525968834648295-4.781981616574797e-23j),(0.7210366827216846+1.4148873090527597e-17j)
(14.34+0j),(-0.669580180270078-4.5965722171814676e-23j),(0.7210301275712762+1.398652879966133e-16j)
(14.36+0j),(-0.6863977159991705+9.70244401216218e-22j),(0.7210239059241778+1.6591261609286947e-16j)
(14.38+0j),(-0.7030356333772294+0j),(0.7210180299118685+2.0501128834333968e-16j)
(14.4+0j),(-0.719479109627958+3.227783347741269e-22j),(0.7210125102928291-2.7021222374889968e-17j)
(14.42+0j),(-0.7357123034806374-2.3074556182013306e-22j),(0.7210073564497234+2.3372310866558233e-16j)
(14.44+0j),(-0.7517183005657924+1.1699514714990606e-21j),(0.721002576391008+1.1882145144832881e-16j)
(14.46+0j),(-0.7674790573439328-7.624937632255797e-22j),(0.7209981767568562-5.872915114189466e-17j)
(14.48+0j),(-0.7829753437534633+3.27527376291942e-22j),(0.7209941628292903+1.2901202815819021e-17j)
(14.5+0j),(-0.7981866848120419-7.402753329254357e-22j),(0.7209905385463871+2.5506408800611276e-17j)
(14.52+0j),(-0.8130913014600736-9.2599800071869e-22j),(0.7209873065204169-5.3579356193021075e-17j)
(14.540000000000001+0j),(-0.8276660509972565+1.405741653703717e-21j),(0.7209844680597802-1.9004995247313168e-16j)
(14.56+0j),(-0.8418863675329289-2.0109045885958573e-22j),(0.7209820231945716+1.3166293374695768e-16j)
(14.58+0j),(-0.8557262029494819+4.649946517741495e-22j),(0.7209799707056201-1.6154916202677983e-16j)
(14.6+0j),(-0.8691579689658626-8.551275028548378e-23j),(0.7209783081568264-1.1586904727746347e-16j)
(14.620000000000001+0j),(-0.8821524809853961-1.562136481634643e-22j),(0.7209770319306241+1.42803139715979e-16j)
(14.64+0j),(-0.8946789045196528-1.2036672637737407e-21j),(0.7209761372663811+9.411013860385652e-17j)
(14.66+0j),(-0.9067047050978553-5.726685837689204e-22j),(0.7209756183015475-4.07009443698658e-17j)
(14.68+0j),(-0.9181956026995725-5.09519651914728e-22j),(0.7209754681153683+5.1729593619144176e-17j)
(14.700000000000001+0j),(-0.9291155318872101+9.459431224948181e-22j),(0.7209756787749492-1.1931802439053466e-16j)
(14.72+0j),(-0.9394266089633072-2.159258181236451e-22j),(0.7209762413834894+1.909659617018021e-16j)
(14.74+0j),(-0.9490891076356187+4.421874381507603e-22j),(0.7209771461304743-2.2208918373653652e-17j)
(14.76+0j),(-0.9580614448385518+9.246464277148854e-22j),(0.7209783823436162-1.0977105994552001e-16j)
(14.780000000000001+0j),(-0.9663001785314255+1.5090588698345918e-22j),(0.7209799385423542-1.0851215146888121e-16j)
(14.8+0j),(-0.97376001946952-6.16585714032945e-22j),(0.7209818024926979+5.363384850930293e-17j)
(14.82+0j),(-0.9803938591196569+1.207647759612421e-22j),(0.7209839612632098+0j)
(14.84+0j),(-0.9861528160642747+0j),(0.7209864012819266+2.620537059146823e-16j)
(14.86+0j),(-0.9909863034010983+1.3608728519133252e-22j),(0.7209891083940209+2.0723878623392862e-17j)
(14.88+0j),(-0.994842119793661-4.997048530811731e-23j),(0.7209920679199907+0j)
(14.9+0j),(-0.9976665669533115-1.5313332001792704e-23j),(0.7209952647141986-6.075386554357599e-17j)
(14.92+0j),(-0.999404596427469-7.940630127957144e-24j),(0.7209986832235468-4.0038105473893504e-17j)
(14.94+0j),(-0.9999999886214347-3.6621992960601124e-28j),(0.7210023075461164+1.3852636995108371e-16j)
(14.96+0j),(-0.9993955669807858+2.0807809593369376e-24j),(0.7210061214895751+7.825017495405198e-17j)
(14.98+0j),(-0.9975334501955804-2.1569837283393657e-23j),(0.7210101086291731-7.735283689101784e-17j)
(15+0j),(-0.9943553451425575+4.01241336512351e-23j),(0.7210142523651629+1.9116447770468956e-17j)
(15.02+0j),(-0.9898028830428317-5.523335506883446e-23j),(0.7210185359794575+1.8897229635146974e-17j)
(15.040000000000001+0j),(-0.9838180009652551-5.936395721167126e-23j),(0.7210229426913793-7.472210169512623e-17j)
(15.06+0j),(-0.9763433703351156+3.967045984131345e-22j),(0.7210274557123364+3.6932612186059165e-17j)
(15.08+0j),(-0.9673228735000889-4.328801313052383e-22j),(0.7210320582992777+1.2778180061754578e-16j)
(15.1+0j),(-0.9567021286486305+4.992628354691474e-22j),(0.7210367338067838-1.0827124575129808e-16j)
(15.120000000000001+0j),(-0.9444290624606542-2.2771132954764293e-21j),(0.7210414657376613+1.248679048058252e-16j)
(15.14+0j),(-0.9304545287916399+4.132594000472506e-22j),(0.7210462377919179+8.81685436591552e-17j)
(15.16+0j),(-0.9147329704489687+1.1998409162451789e-21j),(0.7210510339139894-6.972596048993376e-17j)
(15.18+0j),(-0.8972231197208742-1.676974036824284e-21j),(0.7210558383381154+5.169476778210757e-17j)
(15.200000000000001+0j),(-0.8778887317788064-1.0104738765787364e-21j),(0.7210606356317644+3.406795888550046e-17j)
(15.22+0j),(-0.8566993434181893+1.2023895327648803e-21j),(0.7210654107370091-1.683863428366623e-17j)
(15.24+0j),(-0.8336310478667032-1.7686960413216127e-21j),(0.7210701490097645+3.3291055426832485e-17j)
(15.26+0j),(-0.8086672746194282+2.0609962900283787e-21j),(0.7210748362568282-9.872780383830403e-17j)
(15.280000000000001+0j),(-0.7817995615165193-7.141538422728007e-21j),(0.7210794587706317-6.506371044350431e-17j)
(15.3+0j),(-0.753028304630483-6.5464667553022364e-21j),(0.7210840033616708+1.6079383478638952e-17j)
(15.32+0j),(-0.7223634700572933-1.861673547609773e-20j),(0.7210884573885409-3.178995345545525e-17j)
(15.34+0j),(-0.689825250495496+8.413968366066502e-21j),(0.7210928087855537+1.5712682805391588e-17j)
(15.36+0j),(-0.6554446486419702+1.1022376105201373e-20j),(0.7210970460878943+4.659743235294669e-17j)
(15.38+0j),(-0.6192639690232875-7.031240862355391e-21j),(0.721101158454298+3.070867338443057e-17j)
(15.4+0j),(-0.5813372000032495+1.951572494193754e-21j),(0.7211051356872284+3.035647368291832e-17j)
(15.42+0j),(-0.5417302684339128-2.1554818772275997e-21j),(0.721108968250555-1.500415449204955e-17j)
(15.44+0j),(-0.5005211508045256+1.1844926345229672e-21j),(0.7211126472847236-4.449619954389679e-17j)
(15.46+0j),(-0.457799826820819+0j),(0.7211161646194373-1.4661950053536798e-17j)
(15.48+0j),(-0.4136680641160453-2.8219400135431375e-21j),(0.7211195127838579-1.0145647766227554e-16j)
(15.5+0j),(-0.36823902621861326+1.9887844651830354e-20j),(0.7211226850143561+2.865508320903331e-17j)
(15.52+0j),(-0.32163669990734767-3.303554131869527e-21j),(0.7211256752598336+1.6287686027716186e-16j)
(15.540000000000001+0j),(-0.2739951425601483+4.795814499568908e-20j),(0.7211284781846744-7.000375818788684e-17j)
(15.56+0j),(-0.22545755489939553-3.805134881523656e-21j),(0.7211310891693448+1.107212740184481e-16j)
(15.58+0j),(-0.176175189476977+1.624110198340687e-20j),(0.7211335043087154-4.788492379253876e-17j)
(15.6+0j),(-0.12630611012440143+1.0791235310375664e-20j),(0.7211357204081498+4.0573419707221374e-17j)
(15.620000000000001+0j),(-0.07601382220475913+1.8289441753307577e-20j),(0.7211377349774312+1.671167221669773e-17j)
(15.64+0j),(-0.0254657976317133+2.895849553504235e-20j),(0.7211395462225862-1.6519974826038957e-17j)
(15.66+0j),(0.02516807793056406-1.2692985301448159e-20j),(0.7211411530356913-6.205580114158975e-17j)
(15.68+0j),(0.0757171056759009+2.395458618877092e-20j),(0.721142554982733+1.0654475435798252e-16j)
(15.700000000000001+0j),(0.12601139044679585+5.284980637871388e-20j),(0.7211437522896043+1.2367420449111707e-17j)
(15.72+0j),(0.17588344153159+2.8977579649163207e-21j),(0.7211447458263271+1.1831175960806813e-17j)
(15.74+0j),(0.22516972583558983+2.1066788887975405e-20j),(0.7211455370895965+1.4034544742860574e-17j)
(15.76+0j),(0.27371214340284383+7.790791395221069e-21j),(0.721146128183726-6.166019954297876e-17j)
(15.780000000000001+0j),(0.32135939785700246-9.652602886989168e-21j),(0.7211465218001044+3.352406520007301e-17j)
(15.8+0j),(0.36796823777332105+1.6563519920615611e-21j),(0.7211467211952589+4.820287970569566e-17j)
(15.82+0j),(0.4134045491194242-1.7006996495385614e-20j),(0.7211467301676263-1.3103721059798675e-16j)
(15.84+0j),(0.45754428351107856-9.57897003012754e-20j),(0.7211465530331336+1.5897346419733745e-16j)
(15.860000000000001+0j),(0.5002742119111085+1.0674010158377628e-19j),(0.7211461945996912-6.9844303549895e-17j)
(15.88+0j),(0.5414924983391444+9.063517259262164e-21j),(0.7211456601407137-1.4959322430003787e-16j)
(15.9+0j),(0.5811090929591228+3.68532598528647e-21j),(0.7211449553677657-1.1375156014630328e-17j)
(15.92+0j),(0.6190459483885008+2.616378239993599e-20j),(0.7211440864024391-4.497861812220086e-17j)
(15.94+0j),(0.6552370670820566+4.160713982021961e-20j),(0.7211430597475763-6.669389625049378e-17j)
(15.96+0j),(0.6896283910710604+2.2918375241766285e-20j),(0.7211418822579364+3.2964370415937604e-17j)
(15.98+0j),(0.7221775481106435-5.581887884799745e-20j),(0.7211405611104182+3.2586179816817383e-17j)
(16+0j),(0.7528534703711832+7.744349031014437e-21j),(0.72113910377394-4.294976834065304e-17j)
(16.02+0j),(0.7816359031998545-1.9438636889028135e-21j),(0.7211375179790788-3.1842760226879767e-17j)
(16.04+0j),(0.8085148222094841+3.8964855199996304e-20j),(0.7211358116875729-2.0984955190785174e-17j)
(16.06+0j),(0.8334897770767564+4.0936694958539096e-20j),(0.7211339930617928-8.297678811177697e-17j)
(16.080000000000002+0j),(0.8565691800247153-5.647433996842248e-20j),(0.7211320704342634+0j)
(16.1+0j),(0.8777695561117315+6.313074175796177e-20j),(0.7211300522773498+2.0270933868624916e-16j)
(16.12+0j),(0.8971147712406152-1.6445993826311787e-20j),(0.7211279471731881-8.015346461735796e-17j)
(16.14+0j),(0.9146352523300266+1.6359003948503912e-20j),(0.7211257637839535+0j)
(16.16+0j),(0.9303672124426257-7.743469942640104e-20j),(0.7211235108225563+3.9162408606321635e-17j)
(16.18+0j),(0.9443518919209744+3.604580168113889e-20j),(0.721121197023844-1.9356549543765667e-17j)
(16.2+0j),(0.9566348248124592+1.6922823835847492e-20j),(0.7211188311163902-3.826894476216814e-17j)
(16.22+0j),(0.9672651381282256+8.377427914105285e-21j),(0.7211164217949487-5.674483004777579e-17j)
(16.240000000000002+0j),(0.9762948898247868+1.0909927429060595e-19j),(0.7211139776936428+1.1218759988105486e-16j)
(16.26+0j),(0.9837784498565773-4.730830673043083e-20j),(0.721111507359958-1.1090048079788398e-16j)
(16.28+0j),(0.9897719272484252-4.491139378228501e-21j),(0.7211090192296092-1.2789948726559793e-16j)
(16.3+0j),(0.9943326448936327-1.5506885430075942e-21j),(0.7211065216023222-3.612346144268826e-17j)
(16.32+0j),(0.9975186627036737-7.664886400002734e-20j),(0.721104022618615-7.141804724554353e-17j)
(16.34+0j),(0.9993883488192693-3.979586372893718e-21j),(0.7211015302376039-1.7649671058441136e-17j)
(16.36+0j),(0.9999999978348786-3.3120149749789154e-20j),(0.7210990522158932-1.7447181236324247e-17j)
(16.38+0j),(0.9994114943801389-1.031292334018554e-20j),(0.7210965960875907-1.2072910797199742e-16j)
(16.4+0j),(0.9976800199304464+2.929524385590017e-20j),(0.7210941691454831+0j)
(16.42+0j),(0.9948618003709111-2.818724246278589e-21j),(0.7210917784234087-5.0560648976107007e-17j)
(16.44+0j),(0.9910118915985986-2.6502703636718927e-20j),(0.7210894306798507-1.6660197362153814e-17j)
(16.46+0j),(0.9861840003024486-4.8162902853856975e-20j),(0.7210871323827795+9.881438630772186e-17j)
(16.48+0j),(0.9804303369940237+1.982445081357491e-20j),(0.721084889695759+1.4652112756214169e-16j)
(16.5+0j),(0.973801498361615+1.3466478340859223e-20j),(0.7210827084653445-4.828006472153962e-17j)
(16.52+0j),(0.9663463760725051-1.981347334672012e-20j),(0.7210805942097622-1.1136109866098415e-16j)
(16.54+0j),(0.9581120892420872-1.655066781260067e-20j),(0.7210785521088953+3.145244222350977e-17j)
(16.56+0j),(0.9491439379137984+2.398535040873284e-20j),(0.7210765869955681-3.1091617574783646e-17j)
(16.580000000000002+0j),(0.9394853750418014+4.148573994405916e-21j),(0.7210747033481347-1.0757227156659334e-16j)
(16.6+0j),(0.9291779946315164-1.4228525934646662e-20j),(0.7210729052843532+1.5191173080486426e-17j)
(16.62+0j),(0.9182615338651806+3.98298233516327e-21j),(0.7210711965565516-6.00676097131597e-17j)
(16.64+0j),(0.9067738872154651+1.0404646930795788e-20j),(0.7210695805480561+7.422316087556947e-18j)
(16.66+0j),(0.8947511307256397-3.439494862830612e-20j),(0.7210680602708776+1.2473188446524945e-16j)
(16.68+0j),(0.8822275548067419-3.243770085039031e-20j),(0.7210666383646199+5.802400494995354e-17j)
(16.7+0j),(0.8692357040677784-9.774018923204126e-21j),(0.7210653170966083-5.735838154544598e-17j)
(16.72+0j),(0.855806422853099-3.828318989183095e-20j),(0.7210640983631765+6.378794817964454e-17j)
(16.740000000000002+0j),(0.8419689053095539-1.6399737328317857e-20j),(0.7210629836921228+8.407495150100081e-17j)
(16.76+0j),(0.827750748944897-9.290244381913565e-20j),(0.7210619742462594+1.0388812988842719e-17j)
(16.78+0j),(0.8131780107672358+1.6844397559295035e-20j),(0.7210610708280517-1.0954283478761075e-16j)
(16.8+0j),(0.798275265213144+3.5182847276438225e-20j),(0.7210602738852921-1.5227754523968583e-17j)
(16.82+0j),(0.7830656631795836+4.628777594357273e-20j),(0.7210595835177632-1.0035384028165739e-16j)
(16.84+0j),(0.7675709915720722+2.5294785819694492e-20j),(0.72105899948486-5.71448785800875e-17j)
(16.86+0j),(0.7518117328693706+9.287392834805451e-21j),(0.7210585212141172+1.5118313551053702e-16j)
(16.88+0j),(0.7358071242834576+8.083262357885977e-21j),(0.7210581478105924+4.200726851639299e-17j)
(16.9+0j),(0.7195752161635482-8.904350878713384e-21j),(0.721057878067058+8.305082410292832e-17j)
(16.92+0j),(0.7031329293550664-1.7438796837429028e-20j),(0.721057710474955-3.1576219569048066e-18j)
(16.94+0j),(0.6864961112790198+1.7077533357893493e-20j),(0.7210576432360469-1.2485607717592885e-17j)
(16.96+0j),(0.6696795905454225-1.3937335476225862e-20j),(0.7210576742747378-5.55407558427412e-17j)
(16.98+0j),(0.6526972299561349-1.2740374412553246e-20j),(0.7210578012509749+6.100408056985737e-18j)
(17+0j),(0.6355619777889598+2.852343890185123e-20j),(0.7210580215737057-3.618259978366061e-17j)
(17.02+0j),(0.6182859172861882+0j),(0.721058332414825+2.3845045886232756e-17j)
(17.04+0j),(0.6008803142978172-2.0528760365997788e-20j),(0.72105873072355-4.7143066754578494e-17j)
(17.06+0j),(0.583355663052545+2.0112581522470465e-20j),(0.7210592132411787-1.1650579572699824e-17j)
(17.080000000000002+0j),(0.5657217300492271-3.9413186472111825e-20j),(0.7210597765161694-5.758471773561795e-17j)
(17.1+0j),(0.5479875960779195+4.827641149129412e-21j),(0.7210604169194903+2.732361785222215e-16j)
(17.12+0j),(0.5301616963930231+3.6271497530543333e-20j),(0.7210611306601779+3.376276083656723e-17j)
(17.14+0j),(0.5122518590727237+1.5456198590269737e-21j),(0.7210619138010622-1.112516463748792e-17j)
(17.16+0j),(0.4942653416077314+0j),(0.7210627622745872+1.0997556617994188e-17j)
(17.18+0j),(0.47620886576996985-2.970212451026093e-21j),(0.7210636718986919-6.522847513858022e-17j)
(17.2+0j),(0.4580886508175877-8.735721340948115e-21j),(0.7210646383926921-2.1493431038073113e-17j)
(17.22+0j),(0.4399104450971502+1.4275097191210709e-21j),(0.721065657393106-4.2493795866908476e-17j)
(17.240000000000002+0j),(0.42167955610735336+0j),(0.721066724469392+8.40127713567057e-17j)
(17.26+0j),(0.40340087909081734+4.1180009453754724e-21j),(0.7210678351395312+8.30491329711751e-17j)
(17.28+0j),(0.38507892422221746+0j),(0.7210689848854235+6.157241102492967e-17j)
(17.3+0j),(0.3667178424618974+1.3204160447565944e-21j),(0.7210701691680461-4.05774447438847e-17j)
(17.32+0j),(0.34832145014437776+1.2952125744875333e-21j),(0.7210713834423301-8.022403175168438e-17j)
(17.34+0j),(0.32989325237112993-1.2705975519053579e-21j),(0.7210726231717199+0j)
(17.36+0j),(0.31143646527637686+0j),(0.7210738838423724-1.9598555908915198e-17j)
(17.38+0j),(0.29295403723404306+0j),(0.7210751609769613-9.686878662543887e-17j)
(17.400000000000002+0j),(0.2744486690728185+3.6002723742619934e-21j),(0.7210764501480488-9.575768478872689e-17j)
(17.42+0j),(0.2559228333652622-3.53291554487562e-21j),(0.721077746990996+5.679559556785946e-17j)
(17.44+0j),(0.23737879285537233-2.3113610663175075e-21j),(0.7210790472163786-1.310029892191597e-16j)
(17.46+0j),(0.21881861808790273+1.1341988644782234e-21j),(0.7210803466218817-5.55001520761977e-17j)
(17.48+0j),(0.20024420430118456+0j),(0.7210816411036434+0j)
(17.5+0j),(0.18165728764379083-2.1851880272696135e-21j),(0.7210829266670338+7.231233476424614e-17j)
(17.52+0j),(0.16305946077400513+0j),(0.7210841994368359-7.148289014670824e-17j)
(17.54+0j),(0.1444521878997249-4.2107440098946894e-21j),(0.7210854556668175+1.7665739350935958e-16j)
(17.56+0j),(0.12583681931519938+4.13330590923793e-21j),(0.7210866917486731-5.238932051527069e-17j)
(17.580000000000002+0j),(0.10721460548963851+1.014341533840649e-21j),(0.7210879042203332-1.726279802013017e-17j)
(17.6+0j),(0.08858671076180871+0j),(0.721089089773605-1.7064786229723636e-16j)
(17.62+0j),(0.06995422669355944+0j),(0.7210902452611626+6.747618043942863e-17j)
(17.64+0j),(0.05131818513451361-1.9189520078821998e-21j),(0.7210913677028645+1.0005329165107582e-16j)
(17.66+0j),(0.0326795710491568-9.418325320099528e-22j),(0.7210924542913941+4.945281292614452e-17j)
(17.68+0j),(0.014039335157123578-1.848973047388439e-21j),(0.7210935023972239-1.1406630730796813e-16j)
(17.7+0j),(-0.004601593563157277+0j),(0.7210945095729043+0j)
(17.72+0j),(-0.02324229545765313-1.7812569585810485e-21j),(0.7210954735566744+4.777049469851699e-17j)
(17.740000000000002+0j),(-0.0418818478171763-1.311131723209481e-21j),(0.7210963922754025+0j)
(17.76+0j),(-0.060519312485596326-2.573362033903423e-21j),(0.7210972638468612+4.6680855730327384e-17j)
(17.78+0j),(-0.07915372340639562+0j),(0.7210980865813449-6.921808430427018e-17j)
(17.8+0j),(-0.09778407405779448-2.8904824339564793e-21j),(0.7210988589826378+5.321874091907857e-17j)
(17.82+0j),(-0.11640930472654415+0j),(0.7210995797483468+2.2546403834542477e-17j)
(17.84+0j),(-0.13502828956989574+1.5894302543338769e-21j),(0.7211002477696147+2.971703468907377e-17j)
(17.86+0j),(-0.15363982341480353-1.558826329231498e-21j),(0.7211008621302185-4.4064227966140015e-17j)
(17.88+0j),(-0.17224260824254117-3.821358874320386e-22j),(0.7211014221050887-7.985774039353146e-17j)
(17.900000000000002+0j),(-0.190835239306291+0j),(0.7211019271582418+1.1841253435441627e-16j)
(17.92+0j),(-0.20941619082809546-2.9376817939637778e-21j),(0.7211023769401725+5.320646160907528e-17j)
(17.94+0j),(-0.2279838012206755-2.159057475425697e-21j),(0.721102771284706+7.889418653940763e-17j)
(17.96+0j),(-0.2465362577783895-1.7626560005493672e-21j),(0.7211031102053421-3.119567182646218e-17j)
(17.98+0j),(-0.26507158078030757+2.0716148302344243e-21j),(0.7211033938911166-1.4112585901072464e-16j)
(18+0j),(-0.283587606947223+0j),(0.7211036227019932+1.3548476897588161e-17j)
(18.02+0j),(-0.3020819721928239+0j),(0.7211037971638248-1.3393058855077373e-16j)
(18.04+0j),(-0.32055209360807047+6.474455255924585e-22j),(0.7211039179628984-1.4894351109690763e-16j)
(18.06+0j),(-0.3389951506162865+6.332033926444956e-22j),(0.7211039859401001+6.543774769805499e-17j)
(18.080000000000002+0j),(-0.3574080652350354+1.5475099051580845e-22j),(0.7211040020847169+1.7465513846204432e-16j)
(18.1+0j),(-0.3757874813796734-3.3266010849072032e-21j),(0.7211039675279158-1.85440610616353e-16j)
(18.12+0j),(-0.3941297431420767+0j),(0.721103883535917-2.5284599420760156e-17j)
(18.14+0j),(-0.41243087197701295+4.324173254112214e-22j),(0.7211037515028954-7.498364646690641e-17j)
(18.16+0j),(-0.4306865427276356-4.2181778263714347e-22j),(0.7211035729436367-4.941564982698253e-17j)
(18.18+0j),(-0.4488920584211183+4.112123066463849e-22j),(0.7211033494859826-1.4654633752386867e-16j)
(18.2+0j),(-0.4670423237648082+0j),(0.7211030828630866-2.4144205173067147e-17j)
(18.22+0j),(-0.48513181727370064-5.849345739480389e-22j),(0.7211027749055103-3.5800851646842227e-17j)
(18.240000000000002+0j),(-0.5031545619604332-1.0114483641676954e-21j),(0.7211024275331966+1.179672027417146e-17j)
(18.26+0j),(-0.5211040945201425-5.52897649780136e-22j),(0.7211020427473394-6.996836139606511e-17j)
(18.28+0j),(-0.5389734329448758+0j),(0.7211016226221757-3.4582857308978875e-17j)
(18.3+0j),(-0.556755042504504+0j),(0.7211011692967473-3.4186137307778725e-17j)
(18.32+0j),(-0.5744408000355958+0j),(0.7211006849666287+0j)
(18.34+0j),(-0.5920219564843469+4.881053350701102e-22j),(0.7211001718756742-2.0043778271760387e-16j)
(18.36+0j),(-0.6094890976565785+0j),(0.7210996323078+1.1007691085716098e-16j)
(18.38+0j),(-0.6268321031358557-9.105023579003217e-22j),(0.7210990685788206+1.0881415139211503e-16j)
(18.400000000000002+0j),(-0.6440401033410762+4.386957428787926e-22j),(0.721098483028377-1.936185793875516e-16j)
(18.42+0j),(-0.6611014347072293+0j),(0.7210978780119691+1.0633192301050003e-16j)
(18.44+0j),(-0.678003592988029+1.4411463312534018e-21j),(0.721097255893121+4.204484960895405e-17j)
(18.46+0j),(-0.694733184696969-7.770136667232443e-22j),(0.7210966190357001-1.039063182568845e-16j)
(18.48+0j),(-0.7112758767244488-2.4773990490870954e-22j),(0.7210959697964096+4.1085738139379186e-17j)
(18.5+0j),(-0.7276163441937149-4.72849877411967e-22j),(0.721095310517476+0j)
(18.52+0j),(-0.7437382166471931+3.7510856028915004e-22j),(0.7210946435195464-2.0074253153343354e-17j)
(18.54+0j),(-0.7596240226887931-7.122255464751465e-22j),(0.7210939710948207-2.381276338215841e-16j)
(18.56+0j),(-0.7752551332466033+0j),(0.7210932955004286+5.884898313894857e-17j)
(18.580000000000002+0j),(-0.7906117036654798+3.815957691128233e-22j),(0.7210926189520659-1.7452167796544038e-16j)
(18.6+0j),(-0.8056726148899418+2.3913334159693284e-22j),(0.7210919436179147+7.667539624622096e-17j)
(18.62+0j),(-0.8204154140563775+4.477699850924837e-22j),(0.721091271612844+3.7897905288392785e-17j)
(18.64+0j),(-0.8348162548791497+0j),(0.7210906049929208+1.1238947423350163e-16j)
(18.66+0j),(-0.8488498382896061-9.676883000106287e-23j),(0.7210899457502256+5.555009795623029e-17j)
(18.68+0j),(-0.862489353869888+3.5700082986725394e-22j),(0.7210892958079929+1.8304284886663104e-17j)
(18.7+0j),(-0.8757064227158139+1.6360288531865697e-22j),(0.7210886570160815+3.618861494377436e-17j)
(18.72+0j),(-0.888471042465627+2.977759102492598e-22j),(0.721088031146777-1.788673912615818e-17j)
(18.740000000000002+0j),(-0.9007515353437168+2.0160609806766858e-22j),(0.7210874198909422+1.4145241776084274e-16j)
(18.76+0j),(-0.9125145001916565+6.010283128017499e-23j),(0.7210868248545045-5.243615831893744e-17j)
(18.78+0j),(-0.9237247695923552+0j),(0.721086247555307-3.455642756485621e-17j)
(18.8+0j),(-0.9343453733367675-1.3937390650144665e-22j),(0.7210856894202933-1.0248005132593314e-16j)
(18.82+0j),(-0.9443375096360084+7.996779095923295e-23j),(0.7210851517830599-1.1818854156164171e-16j)
(18.84+0j),(-0.9536605256437579+0j),(0.7210846358817538-1.6690394129254622e-16j)
(18.86+0j),(-0.9622719090227098+0j),(0.7210841428573177+8.249466527062604e-17j)
(18.88+0j),(-0.9701272924629535+0j),(0.721083673752094-1.0601284619276258e-16j)
(18.900000000000002+0j),(-0.9771804732362892+0j),(0.7210832295087618-1.5316446912879037e-16j)
(18.92+0j),(-0.9833834500449716-5.1578381542530337e-23j),(0.7210828109696216+8.765696112851979e-17j)
(18.94+0j),(-0.9886864795918705-1.7838027552935568e-23j),(0.7210824188762122+6.30192192344079e-17j)
(18.96+0j),(-0.9930381554554741-2.2304329155019788e-23j),(0.7210820538692576+7.008335048461138e-17j)
(18.98+0j),(-0.9963855119909576+0j),(0.721081716488932+1.5395424455320276e-17j)
(19+0j),(-0.9986741560895462+0j),(0.721081407175441+6.848469324947064e-17j)
(19.02+0j),(-0.9998484297029958+0j),(0.7210811262699045-2.1438046505867511e-16j)
(19.04+0j),(-0.9998516060677795+2.533893370957708e-25j),(0.7210808740155358-1.7474210511498868e-16j)
(19.06+0j),(-0.9986261225321298-2.3837699692738046e-24j),(0.7210806505590999+3.675268452224764e-18j)
(19.080000000000002+0j),(-0.9961138527855008+0j),(0.7210804559526527-5.449663613319823e-18j)
(19.1+0j),(-0.9922564211000321+0j),(0.7210802901555323-8.9785834595507e-19j)
(19.12+0j),(-0.9869955609024921+4.7332094122538416e-23j),(0.7210801530366033+1.6774864273722621e-16j)
(19.14+0j),(-0.9802735195881144-3.6468639329953705e-23j),(0.7210800443767382+2.1057065466935794e-17j)
(19.16+0j),(-0.9720335109503365+0j),(0.7210799638715188-1.3877012865985675e-16j)
(19.18+0j),(-0.9622202159195506-7.205009250560888e-23j),(0.7210799111341459-5.830077542474937e-17j)
(19.2+0j),(-0.950780331469093+0j),(0.7210798856985482-1.8984661324815954e-16j)
(19.22+0j),(-0.937663166549872+1.2255451632689297e-22j),(0.7210798870226662-1.541565856553e-16j)
(19.240000000000002+0j),(-0.9228212827543627+0j),(0.7210799144919083-3.9753459417477225e-17j)
(19.26+0j),(-0.9062111760889044+0j),(0.7210799674227516-1.440906481473859e-16j)
(19.28+0j),(-0.887793994761814+0j),(0.7210800450664855+8.416778707121873e-17j)
(19.3+0j),(-0.8675362862934973+0j),(0.7210801466130725-7.68021274945546e-17j)
(19.32+0j),(-0.8454107655536155+6.529814267311252e-22j),(0.7210802711951183+7.592113700874604e-17j)
(19.34+0j),(-0.8213970935711526-7.645436497508287e-22j),(0.7210804178919283+1.250837551485104e-16j)
(19.36+0j),(-0.7954826551981664+4.434377193859781e-22j),(0.7210805857336496+3.4621701201839433e-16j)
(19.38+0j),(-0.7676633220026736+5.100964365585553e-22j),(0.7210807737054659+1.2223057035235644e-16j)
(19.400000000000002+0j),(-0.7379441851945877+0j),(0.7210809807518433+1.2082847866933375e-17j)
(19.42+0j),(-0.7063402420357949+0j),(0.7210812057808086-5.972123552035755e-17j)
(19.44+0j),(-0.6728770181412737+0j),(0.7210814476682434+2.3614472567823403e-17j)
(19.46+0j),(-0.6375911074337074+8.323990009515898e-22j),(0.7210817052621858-1.6340516018310086e-16j)
(19.48+0j),(-0.6005306113601078+0j),(0.7210819773871172-1.1537911679432747e-17j)
(19.5+0j),(-0.5617554593943279+0j),(0.7210822628482342+2.2811124042227895e-17j)
(19.52+0j),(-0.5213375939008162-1.130492951339364e-21j),(0.7210825604356724-2.029451499495278e-16j)
(19.54+0j),(-0.4793610041649585+0j),(0.7210828689286957+1.5603559788376936e-16j)
(19.56+0j),(-0.4359215968207802+0j),(0.7210831870998099+1.5424573758003965e-16j)
(19.580000000000002+0j),(-0.39112689300957926+0j),(0.7210835137188168+2.1782344064249894e-17j)
(19.6+0j),(-0.34509554632922773+0j),(0.7210838475567788+0j)
(19.62+0j),(-0.29795667989016883+0j),(0.7210841873898841+2.1285486268266775e-16j)
(19.64+0j),(-0.24984904545138745+1.8391496790421366e-21j),(0.7210845320032181-1.6833058887547674e-16j)
(19.66+0j),(-0.2009200125013747+0j),(0.7210848801944115-1.8719965468984028e-16j)
(19.68+0j),(-0.1513244000869524+0j),(0.721085230777171-1.4392957737810934e-16j)
(19.7+0j),(-0.10122316896608648+0j),(0.7210855825846759+1.6260409226808315e-16j)
(19.72+0j),(-0.050781996057475694+2.3498008473183538e-21j),(0.7210859344728326+1.0046180118857526e-16j)
(19.740000000000002+0j),(-0.00016975697125887714+0j),(0.721086285323393-2.78066365729659e-16j)
(19.76+0j),(0.0504430545519975+0j),(0.7210866340469051-1.9634049933656708e-16j)
(19.78+0j),(0.10088593934748627+0j),(0.7210869795855178+0j)
(19.8+0j),(0.1509900056402613+2.8401268000106565e-21j),(0.7210873209156138-2.6860670481854907e-16j)
(19.82+0j),(0.2005895499267133+0j),(0.7210876570502794+1.5172888143110196e-16j)
(19.84+0j),(0.2495235749657072+0j),(0.7210879870415929+5.62456546238967e-17j)
(19.86+0j),(0.2976372160349674+0j),(0.7210883099827488-3.706697665519286e-17j)
(19.88+0j),(0.34478304964513046+0j),(0.7210886250099922+3.664178381989673e-17j)
(19.900000000000002+0j),(0.39082226271111803+0j),(0.7210889313043805+1.2677513792858443e-16j)
(19.92+0j),(0.4356256645734993+3.4431706504134956e-21j),(0.7210892280933566-3.580597318810503e-17j)
(19.94+0j),(0.4790745290344526+0j),(0.7210895146521457+2.831619531410491e-16j)
(19.96+0j),(0.5210612585097009+7.18521091191897e-21j),(0.7210897903049587+1.574515177934354e-16j)
(19.98+0j),(0.5614898672915082+3.656283771284466e-21j),(0.7210900544260256-6.917573050175833e-17j)
