phi,Spinx,Spiny
(-3.1395906479604054+0j),(-0.9152535899131259+0j),(-0.4028782274473714+0j)
(-3.135586549645275+0j),(-0.9127088303979487+0j),(-0.4086105614317976+0j)
(-3.1315821901691105+0j),(-0.9101357800185438+0j),(-0.41431010358189047+0j)
(-3.1275773954513197+0j),(-0.9075351569345925+0j),(-0.4199761170920375+0j)
(-3.123571991451456+0j),(-0.9049076888466288+0j),(-0.425607888397587+0j)
(-3.1195658041852714+0j),(-0.9022541121318062+0j),(-0.4312047276425041+0j)
(-3.1155586597407665+0j),(-0.8995751709723646+0j),(-0.43676596910707355+0j)
(-3.1115503842942354+0j),(-0.8968716164788223+0j),(-0.44229097159524355+0j)
(-3.1075408041263053+0j),(-0.8941442058099088+0j),(-0.4477791187813111+0j)
(-3.1035297456379665+0j),(-0.8913937012912302+0j),(-0.45322981951579605+0j)
(-3.099517035366595+0j),(-0.8886208695346423+0j),(-0.45864250809044804+0j)
(-3.0955025000019654+0j),(-0.8858264805602686+0j),(-0.4640166444624678+0j)
(-3.0914859664022525+0j),(-0.8830113069230672+0j),(-0.46935171443813517+0j)
(-3.0874672616100227+0j),(-0.8801761228457948+0j),(-0.47464722981614926+0j)
(-3.083446212868207+0j),(-0.8773217033601709+0j),(-0.47990272849110616+0j)
(-3.0794226476360653+0j),(-0.8744488234579901+0j),(-0.48511777451762883+0j)
(-3.0753963936051307+0j),(-0.8715582572538536+0j),(-0.49029195813578863+0j)
(-3.071367278715139+0j),(-0.868650777161135+0j),(-0.495424895758536+0j)
(-3.067335131169938+0j),(-0.8657271530827146+0j),(-0.500516229921966+0j)
(-3.0632997794533785+0j),(-0.8627881516179375+0j),(-0.5055656291993184+0j)
(-3.059261052345182+0j),(-0.8598345352871747+0j),(-0.5105727880797102+0j)
(-3.055218778936791+0j),(-0.8568670617752749+0j),(-0.515537426812649+0j)
(-3.051172788647187+0j),(-0.8538864831951122+0j),(-0.5204592912194803+0j)
(-3.04712291123869+0j),(-0.8508935453723386+0j),(-0.5253381524729496+0j)
(-3.0430689768327306+0j),(-0.8478889871523693+0j),(-0.5301738068461413+0j)
(-3.0390108159255877+0j),(-0.8448735397305188+0j),(-0.5349660754321002+0j)
(-3.034948259404104+0j),(-0.8418479260061338+0j),(-0.5397148038354806+0j)
(-3.030881138561363+0j),(-0.8388128599614523+0j),(-0.5444198618376163+0j)
(-3.026809285112339+0j),(-0.8357690460658462+0j),(-0.5490811430364237+0j)
(-3.0227325312095035+0j),(-0.8327171787059889+0j),(-0.5536985644625946+0j)
(-3.0186507094584027+0j),(-0.8296579416424241+0j),(-0.5582720661735245+0j)
(-3.0145636529331914+0j),(-0.8265920074928899+0j),(-0.5628016108264745+0j)
(-3.0104711951921255+0j),(-0.8235200372426951+0j),(-0.5672871832324349+0j)
(-3.006373170293014+0j),(-0.8204426797823318+0j),(-0.5717287898921888+0j)
(-3.0022694128086234+0j),(-0.8173605714724415+0j),(-0.5761264585160484+0j)
(-2.9981597578420334+0j),(-0.814274335736158+0j),(-0.5804802375287541+0j)
(-2.9940440410419455+0j),(-0.8111845826787838+0j),(-0.5847901955609786+0j)
(-2.989922098617937+0j),(-0.8080919087346695+0j),(-0.5890564209288944+0j)
(-2.9857937673556587+0j),(-0.8049968963411008+0j),(-0.5932790211032203+0j)
(-2.981658884631975+0j),(-0.8019001136389264+0j),(-0.5974581221691416+0j)
(-2.977517288430045+0j),(-0.7988021141996001+0j),(-0.6015938682784665+0j)
(-2.9733688173543347+0j),(-0.7957034367782403+0j),(-0.6056864210953531+0j)
(-2.969213310645567+0j),(-0.7926046050922604+0j),(-0.6097359592368996+0j)
(-2.9650506081955954+0j),(-0.789506127625072+0j),(-0.6137426777098555+0j)
(-2.9608805505622073+0j),(-0.7864084974543055+0j),(-0.6177067873446603+0j)
(-2.956702978983846+0j),(-0.7833121921039551+0j),(-0.6216285142279887+0j)
(-2.952517735394252+0j),(-0.7802176734198122+0j),(-0.6255080991349158+0j)
(-2.948324662437018+0j),(-0.777125387467515+0j),(-0.6293457969617852+0j)
(-2.944123603480049+0j),(-0.7740357644525029+0j),(-0.6331418761608092+0j)
(-2.93991440262993+0j),(-0.7709492186611472+0j),(-0.636896618177367+0j)
(-2.935696904746196+0j),(-0.7678661484222937+0j),(-0.6406103168909412+0j)
(-2.931470955455485+0j),(-0.764786936088434+0j),(-0.6442832780605638+0j)
(-2.9272364011655925+0j),(-0.7617119480357072+0j),(-0.647915818775594+0j)
(-2.9229930890794007+0j),(-0.7586415346819189+0j),(-0.6515082669126028+0j)
(-2.9187408672086854+0j),(-0.7555760305217428+0j),(-0.6550609605990932+0j)
(-2.9144795843877955+0j),(-0.7525157541782825+0j),(-0.6585742476847167+0j)
(-2.910209090287193+0j),(-0.7494610084701433+0j),(-0.6620484852206188+0j)
(-2.9059292354268527+0j),(-0.746412080493179+0j),(-0.665484038947475+0j)
(-2.901639871189507+0j),(-0.7433692417160676+0j),(-0.6688812827927529+0j)
(-2.8973408498337356+0j),(-0.7403327480888834+0j),(-0.6722405983776658+0j)
(-2.8930320245068835+0j),(-0.7373028401638234+0j),(-0.6755623745342538+0j)
(-2.888713249257808+0j),(-0.7342797432272737+0j),(-0.6788470068329749+0j)
(-2.884384379049436+0j),(-0.7312636674423898+0j),(-0.6820948971211455+0j)
(-2.880045269771131+0j),(-0.728254808001392+0j),(-0.6853064530725329+0j)
(-2.8756957782508525+0j),(-0.7252533452867848+0j),(-0.6884820877483508+0j)
(-2.8713357622671003+0j),(-0.7222594450407182+0j),(-0.691622219169883+0j)
(-2.8669650805606355+0j),(-0.7192732585417386+0j),(-0.694727269902909+0j)
(-2.862583592845959+0j),(-0.716294922788176+0j),(-0.6977976666540818+0j)
(-2.8581911598225456+0j),(-0.7133245606874539+0j),(-0.7008338398793619+0j)
(-2.853787643185809+0j),(-0.710362281250603+0j),(-0.7038362234045925+0j)
(-2.849372905637799+0j),(-0.7074081797913062+0j),(-0.7068052540582526+0j)
(-2.844946810897598+0j),(-0.7044623381287993+0j),(-0.709741371316415+0j)
(-2.840509223711426+0j),(-0.7015248247939917+0j),(-0.7126450169598882+0j)
(-2.836060009862411+0j),(-0.6985956952381757+0j),(-0.7155166347435187+0j)
(-2.83159903618004+0j),(-0.6956749920437377+0j),(-0.7183566700775774+0j)
(-2.8271261705492408+0j),(-0.6927627451362763+0j),(-0.7211655697211636+0j)
(-2.822641281919108+0j),(-0.6898589719975894+0j),(-0.7239437814875056+0j)
(-2.818144240311233+0j),(-0.6869636778789809+0j),(-0.7266917539610476+0j)
(-2.813634916827628+0j),(-0.6840768560143863+0j),(-0.7294099362261749+0j)
(-2.809113183658226+0j),(-0.6811984878328228+0j),(-0.732098777607418+0j)
(-2.804578914087929+0j),(-0.6783285431696953+0j),(-0.734758727420967+0j)
(-2.800031982503192+0j),(-0.6754669804765161+0j),(-0.737390234737305+0j)
(-2.795472264398108+0j),(-0.6726137470286062+0j),(-0.7399937481547654+0j)
(-2.7908996363799865+0j),(-0.6697687791303806+0j),(-0.7425697155837959+0j)
(-2.786313976174386+0j),(-0.6669320023178249+0j),(-0.7451185840417194+0j)
(-2.7817151626295824+0j),(-0.6641033315578022+0j),(-0.7476407994577529+0j)
(-2.777103075720447+0j),(-0.6612826714438421+0j),(-0.7501368064880538+0j)
(-2.772477596551705+0j),(-0.6584699163880826+0j),(-0.7526070483405476+0j)
(-2.767838607360542+0j),(-0.6556649508090552+0j),(-0.755051966609292+0j)
(-2.7631859915185415+0j),(-0.652867649315017+0j),(-0.7574720011181166+0j)
(-2.758519633532899+0j),(-0.6500778768825523+0j),(-0.7598675897732929+0j)
(-2.753839419046909+0j),(-0.6472954890301832+0j),(-0.7622391684249612+0j)
(-2.7491452348396637+0j),(-0.644520331986737+0j),(-0.7645871707370627+0j)
(-2.74443696882495+0j),(-0.64175224285424+0j),(-0.7669120280655095+0j)
(-2.7397145100492937+0j),(-0.6389910497651156+0j),(-0.7692141693443223+0j)
(-2.7349777486891207+0j),(-0.6362365720334759+0j),(-0.7714940209794835+0j)
(-2.7302265760469937+0j),(-0.6334886203003153+0j),(-0.7737520067502267+0j)
(-2.7254608845468806+0j),(-0.6307469966724114+0j),(-0.7759885477175119+0j)
(-2.7206805677284165+0j),(-0.6280114948547646+0j),(-0.7782040621394135+0j)
(-2.715885520240111+0j),(-0.6252819002764044+0j),(-0.7803989653931692+0j)
(-2.711075637831459+0j),(-0.6225579902094053+0j),(-0.7825736699036241+0j)
(-2.7062508173439+0j),(-0.6198395338809612+0j),(-0.784728585077817+0j)
(-2.701410956700587+0j),(-0.6171262925783721+0j),(-0.7868641172454578+0j)
(-2.6965559548948974+0j),(-0.6144180197468031+0j),(-0.7889806696050399+0j)
(-2.691685711977651+0j),(-0.6117144610796876+0j),(-0.7910786421753448+0j)
(-2.6868001290429646+0j),(-0.6090153546016406+0j),(-0.793158431752092+0j)
(-2.6818991082126873+0j),(-0.6063204307437552+0j),(-0.7952204318694959+0j)
(-2.6769825526193642+0j),(-0.6036294124111632+0j),(-0.797265032766491+0j)
(-2.6720503663876563+0j),(-0.6009420150427387+0j),(-0.7992926213573931+0j)
(-2.667102454614157+0j),(-0.5982579466628197+0j),(-0.801303581206765+0j)
(-2.662138723345533+0j),(-0.5955769079248359+0j),(-0.8032982925082637+0j)
(-2.657159079554922+0j),(-0.5928985921467131+0j),(-0.8052771320672439+0j)
(-2.652163431116512+0j),(-0.590222685337946+0j),(-0.8072404732869036+0j)
(-2.6471516867782294+0j),(-0.5875488662182033+0j),(-0.809188686157749+0j)
(-2.6421237561324467+0j),(-0.5848768062273493+0j),(-0.8111221372501777+0j)
(-2.637079549584638+0j),(-0.582206169526747+0j),(-0.8130411897099636+0j)
(-2.632018978319893+0j),(-0.5795366129917141+0j),(-0.8149462032564433+0j)
(-2.6269419542671884+0j),(-0.576867786194987+0j),(-0.8168375341832026+0j)
(-2.621848390061343+0j),(-0.5741993313810565+0j),(-0.8187155353610605+0j)
(-2.616738199002542+0j),(-0.5715308834312157+0j),(-0.8205805562431604+0j)
(-2.6116112950133323+0j),(-0.5688620698191672+0j),(-0.8224329428719724+0j)
(-2.606467592592994+0j),(-0.5661925105570221+0j),(-0.8242730378880145+0j)
(-2.6013070067691566+0j),(-0.5635218181315083+0j),(-0.8261011805401075+0j)
(-2.596129453046564+0j),(-0.5608495974302098+0j),(-0.827917706696971+0j)
(-2.5909348473528557+0j),(-0.5581754456576326+0j),(-0.8297229488599815+0j)
(-2.5857231059812396+0j),(-0.5554989522408894+0j),(-0.8315172361769022+0j)
(-2.580494145529931+0j),(-0.5528196987247828+0j),(-0.8333008944564025+0j)
(-2.57524788283821+0j),(-0.5501372586560432+0j),(-0.8350742461831846+0j)
(-2.5699842349189606+0j),(-0.5474511974564754+0j),(-0.8368376105335321+0j)
(-2.5647031188875355+0j),(-0.5447610722847411+0j),(-0.8385913033910971+0j)
(-2.5594044518867918+0j),(-0.5420664318864937+0j),(-0.8403356373627419+0j)
(-2.5540881510081284+0j),(-0.5393668164325573+0j),(-0.8420709217942444+0j)
(-2.548754133208355+0j),(-0.5366617573448297+0j),(-0.843797462785685+0j)
(-2.5434023152222047+0j),(-0.5339507771095566+0j),(-0.84551556320632+0j)
(-2.5380326134703037+0j),(-0.5312333890776165+0j),(-0.8472255227087472+0j)
(-2.5326449439623917+0j),(-0.5285090972514113+0j),(-0.8489276377421686+0j)
(-2.527239222195589+0j),(-0.5257773960579579+0j),(-0.8506222015645452+0j)
(-2.5218153630474758+0j),(-0.523037770107721+0j),(-0.852309504253439+0j)
(-2.5163732806637595+0j),(-0.5202896939387182+0j),(-0.8539898327153287+0j)
(-2.510912888340279+0j),(-0.5175326317453881+0j),(-0.8556634706931765+0j)
(-2.505434098399084+0j),(-0.5147660370916806+0j),(-0.8573306987720237+0j)
(-2.4999368220583174+0j),(-0.5119893526077933+0j),(-0.8589917943823752+0j)
(-2.494420969295606+0j),(-0.5092020096699392+0j),(-0.8606470318011299+0j)
(-2.4888864487046614+0j),(-0.506403428062492+0j),(-0.8622966821498018+0j)
(-2.483333167344757+0j),(-0.5035930156218102+0j),(-0.8639410133897634+0j)
(-2.4777610305827444+0j),(-0.5007701678609989+0j),(-0.8655802903142303+0j)
(-2.4721699419272447+0j),(-0.49793426757481374+0j),(-0.8672147745366967+0j)
(-2.4665598028546287+0j),(-0.49508468442386444+0j),(-0.8688447244755088+0j)
(-2.460930512626377+0j),(-0.49222077449721235+0j),(-0.8704703953342494+0j)
(-2.4552819680973923+0j),(-0.48934187985241145+0j),(-0.8720920390775897+0j)
(-2.4496140635147925+0j),(-0.48644732803195534+0j),(-0.87370990440224+0j)
(-2.4439266903067067+0j),(-0.4835364315550452+0j),(-0.8753242367026136+0j)
(-2.4382197368605456+0j),(-0.48060848738351075+0j),(-0.8769352780307871+0j)
(-2.432493088290195+0j),(-0.4776627763606382+0j),(-0.8785432670503184+0j)
(-2.426746626191538+0j),(-0.47469856262157245+0j),(-0.8801484389834553+0j)
(-2.4209802283856763+0j),(-0.4717150929738798+0j),(-0.8817510255512289+0j)
(-2.4151937686491816+0j),(-0.46871159624674924+0j),(-0.8833512549058978+0j)
(-2.4093871164306475+0j),(-0.46568728260720904+0j),(-0.8849493515551686+0j)
(-2.403560136552779+0j),(-0.46264134284162883+0j),(-0.8865455362775759+0j)
(-2.3977126888991935+0j),(-0.4595729476006443+0j),(-0.8881400260283597+0j)
(-2.39184462808505+0j),(-0.4564812466055282+0j),(-0.8897330338351293+0j)
(-2.38595580311056+0j),(-0.4533653678138682+0j),(-0.8913247686825471+0j)
(-2.3800460569963544+0j),(-0.4502244165422796+0j),(-0.8929154353852128+0j)
(-2.3741152263996343+0j),(-0.44705747454370987+0j),(-0.8945052344478485+0j)
(-2.368163141209904+0j),(-0.4438635990367067+0j),(-0.8960943619118368+0j)
(-2.3621896241230433+0j),(-0.4406418216838418+0j),(-0.8976830091870658+0j)
(-2.356194490192345+0j),(-0.43739114751626373+0j),(-0.8992713628679646+0j)
(-2.3501775463550483+0j),(-0.434110553801133+0j),(-0.900859604532512+0j)
(-2.3441385909327863+0j),(-0.43079898884844214+0j),(-0.9024479105229066+0j)
(-2.3380774131042252+0j),(-0.4274553707534605+0j),(-0.9040364517064685+0j)
(-2.3319937923480483+0j),(-0.4240785860707513+0j),(-0.9056253932152258+0j)
(-2.325887497854266+0j),(-0.4206674884153899+0j),(-0.9072148941625064+0j)
(-2.319758287901688+0j),(-0.41722089698667164+0j),(-0.9088051073347009+0j)
(-2.3136059091991763+0j),(-0.4137375950092144+0j),(-0.9103961788562116+0j)
(-2.307430096188135+0j),(-0.4102163280859588+0j),(-0.9119882478254164+0j)
(-2.3012305703034186+0j),(-0.4066558024571012+0j),(-0.9135814459192848+0j)
(-2.295007039189648+0j),(-0.40305468315852583+0j),(-0.9151758969640647+0j)
(-2.2887591958695985+0j),(-0.39941159207273247+0j),(-0.916771716469223+0j)
(-2.2824867178610577+0j),(-0.3957251058646828+0j),(-0.9183690111215566+0j)
(-2.2761892662382044+0j),(-0.39199375379432577+0j),(-0.9199678782361012+0j)
(-2.2698664846331793+0j),(-0.38821601539683387+0j),(-0.9215684051601408+0j)
(-2.263517998173126+0j),(-0.3843903180208027+0j),(-0.9231706686262655+0j)
(-2.2571434123475123+0j),(-0.3805150342137733+0j),(-0.9247747340500233+0j)
(-2.2507423118000256+0j),(-0.37658847894347247+0j),(-0.9263806547672733+0j)
(-2.244314259038792+0j),(-0.37260890664208834+0j),(-0.9279884712058591+0j)
(-2.2378587930580047+0j),(-0.36857450805970077+0j),(-0.9295982099856634+0j)
(-2.2313754278633717+0j),(-0.3644834069116629+0j),(-0.931209882940504+0j)
(-2.224863650892967+0j),(-0.360333656303248+0j),(-0.9328234860546409+0j)
(-2.2183229213242055+0j),(-0.3561232349132267+0j),(-0.9344389983059027+0j)
(-2.2117526682566515+0j),(-0.3518500429162061+0j),(-0.936056380406578+0j)
(-2.2051522887592347+0j),(-0.3475118976214811+0j),(-0.9376755734322599+0j)
(-2.198521145769196+0j),(-0.3431065288038607+0j),(-0.9392964973277423+0j)
(-2.1918585658286345+0j),(-0.33863157369931524+0j),(-0.940919049277846+0j)
(-2.1851638366429045+0j),(-0.33408457163537114+0j),(-0.9425431019296735+0j)
(-2.1784362044432717+0j),(-0.32946295826288396+0j),(-0.9441685014512343+0j)
(-2.1716748711341256+0j),(-0.32476405935207736+0j),(-0.9457950654096059+0j)
(-2.1648789912026656+0j),(-0.31998508411151894+0j),(-0.947422580449793+0j)
(-2.15804766836624+0j),(-0.31512311798388803+0j),(-0.9490507997531602+0j)
(-2.151179951929379+0j),(-0.31017511486692145+0j),(-0.9506794402517035+0j)
(-2.1442748328189847+0j),(-0.3051378887016831+0j),(-0.952308179571445+0j)
(-2.1373312392619983+0j),(-0.3000081043631456+0j),(-0.9539366526748159+0j)
(-2.130348032065082+0j),(-0.29478226777986605+0j),(-0.9555644481679714+0j)
(-2.1233239994503523+0j),(-0.28945671520010163+0j),(-0.957191104234451+0j)
(-2.1162578513947814+0j),(-0.2840276015107996+0j),(-0.9588161041513761+0j)
(-2.1091482134134156+0j),(-0.278490887503276+0j),(-0.9604388713383261+0j)
(-2.101993619717876+0j),(-0.2728423259647355+0j),(-0.9620587638819955+0j)
(-2.0947925056713825+0j),(-0.26707744645769305+0j),(-0.9636750684715457+0j)
(-2.0875431994495637+0j),(-0.26119153862937633+0j),(-0.9652869936699755+0j)
(-2.0802439128021772+0j),(-0.2551796338697297+0j),(-0.9668936624355912+0j)
(-2.0728927307941176+0j),(-0.24903648510900714+0j),(-0.9684941037944171+0j)
(-2.065487600384194+0j),(-0.24275654451325532+0j),(-0.9700872435487357+0j)
(-2.0580263176764286+0j),(-0.2363339387971679+0j),(-0.9716718938883725+0j)
(-2.05050651365017+0j),(-0.2297624418274897+0j),(-0.9732467417492183+0j)
(-2.0429256381410736+0j),(-0.22303544413464582+0j),(-0.9748103357369892+0j)
(-2.035280941803602+0j),(-0.21614591888348472+0j),(-0.9763610714023855+0j)
(-2.0275694557353576+0j),(-0.2090863837731587+0j),(-0.9778971746153393+0j)
(-2.0197879683821034+0j),(-0.2018488582378375+0j),(-0.9794166827393138+0j)
(-2.0119329992667963+0j),(-0.19442481519963914+0j),(-0.9809174232495751+0j)
(-2.0040007689926798+0j),(-0.18680512647713823+0j),(-0.9823969893692979+0j)
(-1.9959871648545264+0j),(-0.17898000076953538+0j),(-0.983852712210795+0j)
(-1.987887701247016+0j),(-0.1709389129081207+0j),(-0.9852816288015269+0j)
(-1.979697473876498+0j),(-0.16267052277998786+0j),(-0.986680445239737+0j)
(-1.9714111065504254+0j),(-0.1541625819664241+0j),(-0.9880454940545227+0j)
(-1.963022689022098+0j),(-0.14540182567638452+0j),(-0.9893726846289899+0j)
(-1.9545257039857618+0j),(-0.13637384696164961+0j),(-0.99065744526798+0j)
(-1.9459129408192006+0j),(-0.12706294943007032+0j),(-0.9918946551333622+0j)
(-1.9371763930167967+0j),(-0.11745197366472204+0j),(-0.9930785638016066+0j)
(-1.928307135387562+0j),(-0.10752209122205966+0j),(-0.9942026955803506+0j)
(-1.9192951759267902+0j),(-0.09725255829595551+0j),(-0.995259734895817+0j)
(-1.9101292756857675+0j),(-0.08662041871472748+0j),(-0.9962413879485661+0j)
(-1.9007967277829252+0j),(-0.0756001426166785+0j),(-0.9971382143094998+0j)
(-1.8912830836535612+0j),(-0.06416318252393184+0j),(-0.9979394200092512+0j)
(-1.8815718103133394+0j),(-0.052277421990066665+0j),(-0.9986326006845924+0j)
(-1.8716438561720614+0j),(-0.03990648257660913+0j),(-0.9992034190535793+0j)
(-1.8614770937548757+0j),(-0.02700884109032916+0j),(-0.999635194710029+0j)
(-1.8510455938920558+0j),(-0.01353668829348258+0j),(-0.9999083748374373+0j)
(-1.8403186647050194+0j),(0.0005655715069314438+0j),(-0.9999998400644226+0j)
(-1.8292595551486777+0j),(0.015363330736231556+0j),(-0.9998819770696386+0j)
(-1.817823668164337+0j),(0.03093453096484699+0j),(-0.999521412874174+0j)
(-1.8059560361767986+0j),(0.04737352695712892+0j),(-0.9988772441815073+0j)
(-1.7935876494417087+0j),(0.06479667239778959+0j),(-0.9978984874455786+0j)
(-1.780629928817674+0j),(0.08335067947376533+0j),(-0.9965202778826239+0j)
(-1.7669660516130927+0j),(0.10322566453414161+0j),(-0.9946579624079249+0j)
(-1.752436621406861+0j),(0.12467658427906636+0j),(-0.9921974346532574+0j)
(-1.7368144008334057+0j),(0.14806083639523845+0j),(-0.988978254930786+0j)
(-1.719755779159455+0j),(0.17391011874819667+0j),(-0.9847615298116537+0j)
(-1.7006958470814262+0j),(0.20308502349123075+0j),(-0.9791611068836255+0j)
(-1.6785777227707304+0j),(0.2371718983002933+0j),(-0.9714676992348409+0j)
(-1.6509066853189545+0j),(0.2798627264916917+0j),(-0.9600400274575205+0j)
(-1.6065219056341027+0j),(0.34743661903345313+0j),(-0.9377034689893192+0j)
(-1.5350707479556904+0j),(0.45005842394188805+0j),(-0.8929991125633574+0j)
(-1.4906859682708387+0j),(0.5078246970042272+0j),(-0.8614604327028403+0j)
(-1.463014930819063+0j),(0.5410350910404392+0j),(-0.8410000179921899+0j)
(-1.440896806508367+0j),(0.565953101709604+0j),(-0.8244374364773102+0j)
(-1.4218368744303382+0j),(0.5862560726643532+0j),(-0.8101258033565952+0j)
(-1.4047782527563875+0j),(0.6035166122406431+0j),(-0.7973504240605739+0j)
(-1.3891560321829322+0j),(0.6185824051167595+0j),(-0.785719929796849+0j)
(-1.3746266019767006+0j),(0.6319730112335759+0j),(-0.774990395471045+0j)
(-1.3609627247721192+0j),(0.6440344030987523+0j),(-0.7649965278517504+0j)
(-1.3480050041480844+0j),(0.6550107731238444+0j),(-0.7556195385851955+0j)
(-1.3356366174129946+0j),(0.6650820868579662+0j),(-0.74677025767009+0j)
(-1.3237689854254562+0j),(0.6743854757880605+0j),(-0.7383794620966319+0j)
(-1.3123330984411155+0j),(0.6830282432322358+0j),(-0.7303919625427745+0j)
(-1.301273988884774+0j),(0.6910961874289224+0j),(-0.7227627963040212+0j)
(-1.2905470596977373+0j),(0.6986591537340415+0j),(-0.7154546714527994+0j)
(-1.2801155598349174+0j),(0.7057748678267171+0j),(-0.7084361904534383+0j)
(-1.269948797417732+0j),(0.7124916597171378+0j),(-0.7016805789200087+0j)
(-1.2600208432764537+0j),(0.718850447834669+0j),(-0.6951647528808518+0j)
(-1.2503095699362319+0j),(0.7248862152662665+0j),(-0.688868619489194+0j)
(-1.2407959258068681+0j),(0.7306291287114269+0j),(-0.6827745427872814+0j)
(-1.2314633779040258+0j),(0.7361054005864129+0j),(-0.676866928744134+0j)
(-1.2222974776630031+0j),(0.7413379629204079+0j),(-0.6711318981638558+0j)
(-1.213285518202231+0j),(0.7463470009806151+0j),(-0.665557025451044+0j)
(-1.2044162605729967+0j),(0.7511503807528879+0j),(-0.6601311275002807+0j)
(-1.1956797127705925+0j),(0.7557639949952993+0j),(-0.6548440912681012+0j)
(-1.1870669496040316+0j),(0.7602020460478963+0j),(-0.6496867315749892+0j)
(-1.1785699645676952+0j),(0.7644772789651754+0j),(-0.644650672803497+0j)
(-1.170181547039368+0j),(0.768601175224334+0j),(-0.6397282496840145+0j)
(-1.1618951797132953+0j),(0.772584114849849+0j),(-0.6349124234740374+0j)
(-1.1537049523427771+0j),(0.7764355130152568+0j),(-0.6301967106616276+0j)
(-1.145605488735267+0j),(0.7801639358541649+0j),(-0.6255751219418326+0j)
(-1.1375918845971134+0j),(0.7837771992092287+0j),(-0.6210421096831815+0j)
(-1.1296596543229973+0j),(0.7872824532824251+0j),(-0.6165925224600167+0j)
(-1.1218046852076897+0j),(0.7906862555604475+0j),(-0.6122215655036981+0j)
(-1.1140231978544357+0j),(0.7939946339309362+0j),(-0.6079247661420604+0j)
(-1.1063117117861914+0j),(0.7972131415462633+0j),(-0.6036979434667121+0j)
(-1.0986670154487197+0j),(0.800346904708101+0j),(-0.5995371816027442+0j)
(-1.0910861399396234+0j),(0.8034006648204637+0j),(-0.5954388060632572+0j)
(-1.0835663359133645+0j),(0.8063788152782744+0j),(-0.5913993627578634+0j)
(-1.0761050532055991+0j),(0.8092854340128646+0j),(-0.5874155992945793+0j)
(-1.0686999227956755+0j),(0.8121243122977029+0j),(-0.5834844482717456+0j)
(-1.0613487407876159+0j),(0.8148989803212817+0j),(-0.5796030123035382+0j)
(-1.0540494541402297+0j),(0.8176127299550614+0j),(-0.5757685505612755+0j)
(-1.0468001479184108+0j),(0.8202686350792127+0j),(-0.5719784666447556+0j)
(-1.0395990338719172+0j),(0.8228695697749159+0j),(-0.5682302976245149+0j)
(-1.0324444401763777+0j),(0.8254182246470533+0j),(-0.5645217041181916+0j)
(-1.025334802195012+0j),(0.8279171215035555+0j),(-0.5608504612829226+0j)
(-1.0182686541394408+0j),(0.830368626586159+0j),(-0.5572144506214963+0j)
(-1.0112446215247115+0j),(0.832774962520728+0j),(-0.5536116525133842+0j)
(-1.0042614143277948+0j),(0.8351382191328304+0j),(-0.5500401393931578+0j)
(-0.9973178207708085+0j),(0.8374603632551533+0j),(-0.5464980695085269+0j)
(-0.9904127016604146+0j),(0.8397432476370782+0j),(-0.5429836811985542+0j)
(-0.9835449852235532+0j),(0.8419886190528255+0j),(-0.539495287639768+0j)
(-0.9767136623871275+0j),(0.8441981256926517+0j),(-0.5360312720140624+0j)
(-0.9699177824556677+0j),(0.8463733239113086+0j),(-0.5325900830576207+0j)
(-0.9631564491465214+0j),(0.84851568439913+0j),(-0.5291702309547242+0j)
(-0.9564288169468886+0j),(0.850626597833445+0j),(-0.5257702835443429+0j)
(-0.9497340877611589+0j),(0.8527073800613606+0j),(-0.5223888628109239+0j)
(-0.943071507820597+0j),(0.8547592768591856+0j),(-0.5190246416338652+0j)
(-0.9364403648305584+0j),(0.8567834683087132+0j),(-0.5156763407728654+0j)
(-0.9298399853331417+0j),(0.8587810728261805+0j),(-0.5123427260687073+0j)
(-0.9232697322655876+0j),(0.860753150875852+0j),(-0.5090226058411286+0j)
(-0.9167290026968263+0j),(0.8627007083967845+0j),(-0.5057148284672762+0j)
(-0.9102172257264214+0j),(0.8646246999683477+0j),(-0.5024182801258777+0j)
(-0.9037338605317884+0j),(0.8665260317374409+0j),(-0.4991318826937065+0j)
(-0.8972783945510016+0j),(0.868405564128013+0j),(-0.4958545917822158+0j)
(-0.8908503417897677+0j),(0.870264114351444+0j),(-0.4925853949033578+0j)
(-0.8844492412422811+0j),(0.8721024587345112+0j),(-0.4893233097546246+0j)
(-0.8780746554166673+0j),(0.8739213348800362+0j),(-0.48606738261427895+0j)
(-0.8717261689566141+0j),(0.8757214436738762+0j),(-0.48281668683853735+0j)
(-0.8654033873515887+0j),(0.8775034511506183+0j),(-0.4795703214532303+0j)
(-0.8591059357287354+0j),(0.8792679902291923+0j),(-0.4763274098331073+0j)
(-0.8528334577201948+0j),(0.8810156623285883+0j),(-0.4730870984625547+0j)
(-0.846585614400145+0j),(0.8827470388729345+0j),(-0.4698485557720338+0j)
(-0.8403620832863744+0j),(0.8844626626943726+0j),(-0.4666109710450248+0j)
(-0.8341625574016585+0j),(0.8861630493414118+0j),(-0.4633735533907075+0j)
(-0.8279867443906167+0j),(0.8878486882997849+0j),(-0.46013553077799985+0j)
(-0.8218343656881054+0j),(0.8895200441322137+0j),(-0.4568961491269373+0j)
(-0.8157051557355272+0j),(0.8911775575429577+0j),(-0.4536546714537043+0j)
(-0.8095988612417452+0j),(0.8928216463725173+0j),(-0.4504103770659241+0j)
(-0.8035152404855678+0j),(0.8944527065274274+0j),(-0.44716256080508354+0j)
(-0.7974540626570069+0j),(0.8960711128496647+0j),(-0.4439105323332213+0j)
(-0.7914151072347448+0j),(0.8976772199298342+0j),(-0.44065361546121934+0j)
(-0.7853981633974484+0j),(0.8992713628679644+0j),(-0.43739114751626396+0j)
(-0.77940302946675+0j),(0.9008538579854382+0j),(-0.4341224787462085+0j)
(-0.7734295123798894+0j),(0.9024250034913173+0j),(-0.4308469717587631+0j)
(-0.7674774271901589+0j),(0.9039850801060624+0j),(-0.42756400099357766+0j)
(-0.7615465965934386+0j),(0.9055343516454306+0j),(-0.4242729522254389+0j)
(-0.7556368504792336+0j),(0.9070730655671142+0j),(-0.4209732220969384+0j)
(-0.7497480255047432+0j),(0.9086014534825071+0j),(-0.4176642176790771+0j)
(-0.7438799646905999+0j),(0.9101197316358072+0j),(-0.41434535605840517+0j)
(-0.7380325170370144+0j),(0.9116281013524968+0j),(-0.41101606394938167+0j)
(-0.7322055371591457+0j),(0.913126749459117+0j),(-0.40767577733074484+0j)
(-0.7263988849406116+0j),(0.9146158486761019+0j),(-0.4043239411047708+0j)
(-0.7206124252041171+0j),(0.9160955579853236+0j),(-0.4009600087783802+0j)
(-0.7148460273982555+0j),(0.9175660229738951+0j),(-0.39758344216512564+0j)
(-0.7090995652995981+0j),(0.919027376155661+0j),(-0.39419371110716767+0j)
(-0.7033729167292475+0j),(0.9204797372717305+0j),(-0.3907902932164078+0j)
(-0.6976659632830866+0j),(0.9219232135713035+0j),(-0.38737267363400957+0j)
(-0.6919785900750008+0j),(0.9233579000739767+0j),(-0.3839403448075966+0j)
(-0.686310685492401+0j),(0.9247838798146382+0j),(-0.38049280628546084+0j)
(-0.6806621409634163+0j),(0.9262012240719887+0j),(-0.37702956452717307+0j)
(-0.6750328507351645+0j),(0.9276099925816794+0j),(-0.3735501327300216+0j)
(-0.6694227116625483+0j),(0.9290102337349814+0j),(-0.3700540306707593+0j)
(-0.6638316230070488+0j),(0.9304019847638749+0j),(-0.36654078456215816+0j)
(-0.6582594862450363+0j),(0.9317852719133748+0j),(-0.36300992692393175+0j)
(-0.6527062048851319+0j),(0.9331601106018852+0j),(-0.3594609964675965+0j)
(-0.6471716842941873+0j),(0.934526505570325+0j),(-0.35589353799488593+0j)
(-0.6416558315314759+0j),(0.9358844510207354+0j),(-0.3523071023093588+0j)
(-0.6361585551907089+0j),(0.9372339307450456+0j),(-0.34870124614086373+0j)
(-0.6306797652495141+0j),(0.938574918244645+0j),(-0.34507553208255454+0j)
(-0.6252193729260338+0j),(0.9399073768413774+0j),(-0.3414295285401679+0j)
(-0.6197772905423176+0j),(0.9412312597805543+0j),(-0.33776280969329736+0j)
(-0.6143534313942043+0j),(0.9425465103265587+0j),(-0.3340749554684195+0j)
(-0.6089477096274016+0j),(0.9438530618515854+0j),(-0.3303655515234414+0j)
(-0.6035600401194896+0j),(0.9451508379180564+0j),(-0.326634189243557+0j)
(-0.5981903383675883+0j),(0.9464397523552215+0j),(-0.3228804657482195+0j)
(-0.592838520381438+0j),(0.9477197093304435+0j),(-0.31910398390903855+0j)
(-0.5875045025816648+0j),(0.948990603415658+0j),(-0.3153043523784368+0j)
(-0.5821882017030016+0j),(0.9502523196494775+0j),(-0.3114811856289033+0j)
(-0.5768895347022577+0j),(0.9515047335954043+0j),(-0.30763410400269137+0j)
(-0.5716084186708325+0j),(0.9527477113966061+0j),(-0.3037627337718199+0j)
(-0.5663447707515831+0j),(0.953981109827697+0j),(-0.2998667072082455+0j)
(-0.5610985080598623+0j),(0.9552047763439651+0j),(-0.2959456626640708+0j)
(-0.5558695476085537+0j),(0.9564185491284722+0j),(-0.2919992446616739+0j)
(-0.5506578062369376+0j),(0.957622257137459+0j),(-0.28802710399363235+0j)
(-0.5454632005432289+0j),(0.9588157201444656+0j),(-0.2840288978323331+0j)
(-0.5402856468206366+0j),(0.9599987487835979+0j),(-0.2800042898491493+0j)
(-0.535125060996799+0j),(0.9611711445923428+0j),(-0.275952950343072+0j)
(-0.5299813585764608+0j),(0.9623327000543468+0j),(-0.2718745563786925+0j)
(-0.5248544545872516+0j),(0.963483198642573+0j),(-0.26776879193340747+0j)
(-0.51974426352845+0j),(0.9646224148632347+0j),(-0.2636353480537489+0j)
(-0.5146506993226049+0j),(0.9657501143009218+0j),(-0.2594739230207083+0j)
(-0.5095736752699003+0j),(0.9668660536653187+0j),(-0.2552842225239407+0j)
(-0.5045131040051549+0j),(0.9679699808399271+0j),(-0.2510659598447215+0j)
(-0.4994688974573468+0j),(0.9690616349331926+0j),(-0.2468188560475231+0j)
(-0.49444096681156385+0j),(0.9701407463324482+0j),(-0.24254264018007332+0j)
(-0.48942922247328113+0j),(0.9712070367610756+0j),(-0.23823704948175287+0j)
(-0.48443357403487153+0j),(0.9722602193392937+0j),(-0.23390182960017325+0j)
(-0.47945393024426036+0j),(0.9732999986489839+0j),(-0.22953673481577627+0j)
(-0.4744901989756363+0j),(0.9743260708029546+0j),(-0.22514152827427494+0j)
(-0.46954228720213687+0j),(0.9753381235190584+0j),(-0.22071598222675726+0j)
(-0.4646101009704292+0j),(0.9763358361995672+0j),(-0.2162598782772521+0j)
(-0.459693545377106+0j),(0.9773188800162155+0j),(-0.2117730076375421+0j)
(-0.4547925245468285+0j),(0.978286918001316+0j),(-0.2072551713890071+0j)
(-0.4499069416121419+0j),(0.9792396051453602+0j),(-0.20270618075125174+0j)
(-0.44503669869489604+0j),(0.9801765885015056+0j),(-0.1981258573572622+0j)
(-0.4401816968892065+0j),(0.9810975072973553+0j),(-0.19351403353482138+0j)
(-0.43534183624589307+0j),(0.9820019930544329+0j),(-0.18887055259389024+0j)
(-0.4305170157583345+0j),(0.9828896697157525+0j),(-0.18419526911964643+0j)
(-0.4257071333496823+0j),(0.9837601537818784+0j),(-0.17948804927085035+0j)
(-0.4209120858613768+0j),(0.9846130544558678+0j),(-0.1747487710831942+0j)
(-0.41613176904291255+0j),(0.9854479737974836+0j),(-0.1699773247772601+0j)
(-0.4113660775427995+0j),(0.9862645068870585+0j),(-0.1651736130706951+0j)
(-0.40661490490067237+0j),(0.9870622419993819+0j),(-0.1603375514941963+0j)
(-0.40187814354049967+0j),(0.9878407607879813+0j),(-0.15546906871086108+0j)
(-0.39715568476484336+0j),(0.9885996384801515+0j),(-0.15056810683844615+0j)
(-0.39244741875012945+0j),(0.9893384440830798+0j),(-0.14563462177405057+0j)
(-0.38775323454288413+0j),(0.9900567406014041+0j),(-0.14066858352071376+0j)
(-0.38307302005689386+0j),(0.990754085266527+0j),(-0.1356699765153936+0j)
(-0.3784066620712518+0j),(0.991430029777995+0j),(-0.13063879995776226+0j)
(-0.37375404622925096+0j),(0.9920841205572365+0j),(-0.12557506813924021+0j)
(-0.3691150570380886+0j),(0.9927158990139368+0j),(-0.12047881077165098+0j)
(-0.36448957786934616+0j),(0.9933249018253071+0j),(-0.11535007331486229+0j)
(-0.35987749096021077+0j),(0.993910661228487+0j),(-0.11018891730274892+0j)
(-0.3552786774154072+0j),(0.9944727053262972+0j),(-0.10499542066678944+0j)
(-0.35069301720980683+0j),(0.9950105584065361+0j),(-0.09976967805657794+0j)
(-0.3461203891916854+0j),(0.9955237412749893+0j),(-0.0945118011565142+0j)
(-0.34156067108660154+0j),(0.9960117716022895+0j),(-0.08922191899790634+0j)
(-0.337013739501864+0j),(0.9964741642847474+0j),(-0.08390017826568942+0j)
(-0.33247946993156724+0j),(0.9969104318192281+0j),(-0.07854674359895646+0j)
(-0.3279577367621651+0j),(0.9973200846921284+0j),(-0.0731617978844566+0j)
(-0.32344841327856017+0j),(0.9977026317824675+0j),(-0.06774554254220773+0j)
(-0.3189513716706851+0j),(0.9980575807790754+0j),(-0.06229819780233955+0j)
(-0.31446648304055247+0j),(0.9983844386118162+0j),(-0.0568200029722707+0j)
(-0.30999361740975334+0j),(0.9986827118967528+0j),(-0.05131121669330494+0j)
(-0.30553264372738187+0j),(0.9989519073951146+0j),(-0.045772117185709595+0j)
(-0.3010834298783675+0j),(0.9991915324858824+0j),(-0.04020300248133045+0j)
(-0.296645842692195+0j),(0.9994010956517699+0j),(-0.03460419064278218+0j)
(-0.29221974795199424+0j),(0.999580106978325+0j),(-0.028976019968246898+0j)
(-0.28780501040398393+0j),(0.9997280786658335+0j),(-0.023318849180895697+0j)
(-0.2834014937672478+0j),(0.9998445255536516+0j),(-0.0176330576019519+0j)
(-0.27900906074383414+0j),(0.9999289656565529+0j),(-0.0119190453064106+0j)
(-0.2746275730291578+0j),(0.9999809207126137+0j),(-0.006177233260422688+0j)
(-0.2702568913226928+0j),(0.9999999167421114+0j),(-0.00040806343935954095+0j)
(-0.26589687533894074+0j),(0.999985484616863+0j),(0.005388001074419321+0j)
(-0.2615473838186621+0j),(0.9999371606393653+0j),(0.011210476015066256+0j)
(-0.25720827454035716+0j),(0.9998544871310528+0j),(0.017058855878972424+0j)
(-0.2528794043319853+0j),(0.9997370130289288+0j),(0.022932613893657916+0j)
(-0.2485606290829096+0j),(0.9995842944897722+0j),(0.02883120201074839+0j)
(-0.2442518037560576+0j),(0.9993958955010654+0j),(0.0347540509239361+0j)
(-0.23995278240028617+0j),(0.9991713884977362+0j),(0.04070057011278911+0j)
(-0.23566341816294054+0j),(0.998910354983747+0j),(0.046670147913250075+0j)
(-0.23138356330260026+0j),(0.9986123861575189+0j),(0.05266215161562034+0j)
(-0.22711306920199792+0j),(0.9982770835401161+0j),(0.05867592759079423+0j)
(-0.22285178638110775+0j),(0.9979040596050742+0j),(0.06471080144545226+0j)
(-0.21859956451039247+0j),(0.9974929384086975+0j),(0.07076607820688358+0j)
(-0.21435625242420062+0j),(0.9970433562196109+0j),(0.07684104253804924+0j)
(-0.21012169813430837+0j),(0.9965549621463009+0j),(0.08293495898343886+0j)
(-0.20589574884359743+0j),(0.9960274187613397+0j),(0.0890470722462169+0j)
(-0.20167825095986291+0j),(0.995460402720945+0j),(0.09517660749708357+0j)
(-0.19746905010974453+0j),(0.9948536053784968+0j),(0.10132277071520648+0j)
(-0.1932679911527752+0j),(0.9942067333905884+0j),(0.10748474906150898+0j)
(-0.18907491819554104+0j),(0.9935195093141734+0j),(0.11366171128451423+0j)
(-0.1848896746059475+0j),(0.9927916721933318+0j),(0.11985280815887639+0j)
(-0.18071210302758597+0j),(0.9920229781341673+0j),(0.12605717295662944+0j)
(-0.17654204539419774+0j),(0.9912132008663285+0j),(0.13227392195110715+0j)
(-0.17237934294422616+0j),(0.9903621322896311+0j),(0.1385021549533985+0j)
(-0.16822383623545836+0j),(0.9894695830042617+0j),(0.14474095588109384+0j)
(-0.16407536515974835+0j),(0.9885353828230334+0j),(0.15098939335900044+0j)
(-0.15993376895781822+0j),(0.9875593812641775+0j),(0.1572465213513961+0j)
(-0.1557988862341347+0j),(0.9865414480231579+0j),(0.16351137982529182+0j)
(-0.1516705549718562+0j),(0.9854814734220204+0j),(0.16978299544407865+0j)
(-0.14754861254784774+0j),(0.9843793688348047+0j),(0.17606038229082577+0j)
(-0.14343289574776008+0j),(0.9832350670875847+0j),(0.18234254262040175+0j)
(-0.13932324078117006+0j),(0.982048522831729+0j),(0.18862846763948188+0j)
(-0.13521948329677919+0j),(0.9808197128890256+0j),(0.1949171383134116+0j)
(-0.13112145839766787+0j),(0.9795486365673545+0j),(0.20120752619879087+0j)
(-0.1270290006566018+0j),(0.9782353159456558+0j),(0.20749859430054682+0j)
(-0.12294194413139038+0j),(0.9768797961269957+0j),(0.2137892979521648+0j)
(-0.1188601223802897+0j),(0.9754821454585999+0j),(0.22007858571766406+0j)
(-0.1147833684774542+0j),(0.974042455717807+0j),(0.22636540031379396+0j)
(-0.11071151502842991+0j),(0.9725608422629608+0j),(0.23264867955086324+0j)
(-0.1066443941856894+0j),(0.9710374441483561+0j),(0.2389273572905124+0j)
(-0.10258183766420556+0j),(0.9694724242024357+0j),(0.24520036441867826+0j)
(-0.09852367675706268+0j),(0.9678659690685383+0j),(0.2514666298319116+0j)
(-0.09446974235110298+0j),(0.9662182892075909+0j),(0.25772508143515316+0j)
(-0.09041986494260636+0j),(0.9645296188622497+0j),(0.2639746471490081+0j)
(-0.08637387465300218+0j),(0.9628002159820948+0j),(0.2702142559245012+0j)
(-0.08233160124461109+0j),(0.9610303621096022+0j),(0.2764428387632545+0j)
(-0.07829287413641492+0j),(0.9592203622267299+0j),(0.2826593297409815+0j)
(-0.07425752241985527+0j),(0.957370544562066+0j),(0.2888626670321616+0j)
(-0.07022537487465427+0j),(0.9554812603586126+0j),(0.2950517939337385+0j)
(-0.06619625998466255+0j),(0.9535528836023993+0j),(0.3012256598856564+0j)
(-0.06217000595372803+0j),(0.9515858107122324+0j),(0.30738322148605257+0j)
(-0.05814644072158624+0j),(0.9495804601910165+0j),(0.31352344349891487+0j)
(-0.054125391979770544+0j),(0.9475372722392028+0j),(0.3196452998520251+0j)
(-0.05010668718754057+0j),(0.9454567083310309+0j),(0.32574777462302357+0j)
(-0.046090153587828045+0j),(0.9433392507543609+0j),(0.33182986301145534+0j)
(-0.04207561822319833+0j),(0.9411854021149955+0j),(0.337890572294692+0j)
(-0.038062907951826694+0j),(0.9389956848065119+0j),(0.34392892276566395+0j)
(-0.0340518494634879+0j),(0.9367706404467286+0j),(0.3499439486503891+0j)
(-0.03004226929555803+0j),(0.9345108292820387+0j),(0.35593469900333785+0j)
(-0.02603399384902692+0j),(0.9322168295609375+0j),(0.36190023857874726+0j)
(-0.02202684940452188+0j),(0.9298892368781753+0j),(0.36783964867605706+0j)
(-0.01802066213833708+0j),(0.927528663491042+0j),(0.37375202795773776+0j)
(-0.014015258138473333+0j),(0.9251357376093897+0j),(0.3796364932378482+0j)
(-0.010010463420682599+0j),(0.9227111026610615+0j),(0.38549218023976567+0j)
(-0.006006103944518022+0j),(0.9202554165344747+0j),(0.39131824432162704+0j)
(-0.002002005629387882+0j),(0.9177693508001602+0j),(0.39711386116812003+0j)
(0.002002005629387599+0j),(0.915253589913126+0j),(0.4028782274473712+0j)
(0.006006103944517739+0j),(0.912708830397949+0j),(0.40861056143179697+0j)
(0.010010463420682316+0j),(0.910135780018544+0j),(0.41431010358188997+0j)
(0.01401525813847305+0j),(0.9075351569345927+0j),(0.4199761170920369+0j)
(0.0180206621383368+0j),(0.904907688846629+0j),(0.4256078883975868+0j)
(0.022026849404521594+0j),(0.9022541121318064+0j),(0.4312047276425039+0j)
(0.02603399384902692+0j),(0.8995751709723645+0j),(0.4367659691070738+0j)
(0.030042269295557745+0j),(0.8968716164788224+0j),(0.44229097159524333+0j)
(0.03405184946348762+0j),(0.894144205809909+0j),(0.4477791187813106+0j)
(0.03806290795182641+0j),(0.8913937012912304+0j),(0.4532298195157956+0j)
(0.042075618223198046+0j),(0.8886208695346424+0j),(0.4586425080904479+0j)
(0.04609015358782776+0j),(0.8858264805602687+0j),(0.4640166444624677+0j)
(0.050106687187540286+0j),(0.8830113069230675+0j),(0.46935171443813467+0j)
(0.05412539197977026+0j),(0.880176122845795+0j),(0.47464722981614904+0j)
(0.05814644072158596+0j),(0.8773217033601711+0j),(0.4799027284911057+0j)
(0.06217000595372774+0j),(0.8744488234579904+0j),(0.4851177745176285+0j)
(0.06619625998466228+0j),(0.8715582572538536+0j),(0.4902919581357883+0j)
(0.070225374874654+0j),(0.8686507771611351+0j),(0.4954248957585357+0j)
(0.07425752241985499+0j),(0.8657271530827149+0j),(0.5005162299219655+0j)
(0.07829287413641492+0j),(0.8627881516179374+0j),(0.5055656291993186+0j)
(0.0823316012446108+0j),(0.8598345352871748+0j),(0.51057278807971+0j)
(0.08637387465300189+0j),(0.8568670617752752+0j),(0.5155374268126486+0j)
(0.09041986494260608+0j),(0.8538864831951122+0j),(0.52045929121948+0j)
(0.0944697423511027+0j),(0.8508935453723389+0j),(0.5253381524729491+0j)
(0.0985236767570624+0j),(0.8478889871523695+0j),(0.5301738068461411+0j)
(0.10258183766420527+0j),(0.844873539730519+0j),(0.5349660754320998+0j)
(0.10664439418568912+0j),(0.8418479260061339+0j),(0.5397148038354805+0j)
(0.11071151502842963+0j),(0.8388128599614525+0j),(0.5444198618376158+0j)
(0.11478336847745389+0j),(0.8357690460658462+0j),(0.5490811430364235+0j)
(0.11886012238028942+0j),(0.8327171787059893+0j),(0.5536985644625942+0j)
(0.1229419441313901+0j),(0.8296579416424243+0j),(0.5582720661735241+0j)
(0.12702900065660153+0j),(0.8265920074928901+0j),(0.5628016108264741+0j)
(0.13112145839766756+0j),(0.8235200372426953+0j),(0.5672871832324347+0j)
(0.13521948329677888+0j),(0.8204426797823322+0j),(0.5717287898921881+0j)
(0.13932324078116975+0j),(0.8173605714724415+0j),(0.5761264585160483+0j)
(0.1434328957477598+0j),(0.8142743357361582+0j),(0.580480237528754+0j)
(0.14754861254784746+0j),(0.811184582678784+0j),(0.5847901955609783+0j)
(0.15167055497185591+0j),(0.8080919087346699+0j),(0.5890564209288939+0j)
(0.1557988862341344+0j),(0.8049968963411008+0j),(0.5932790211032201+0j)
(0.1599337689578179+0j),(0.8019001136389267+0j),(0.5974581221691414+0j)
(0.16407536515974805+0j),(0.7988021141996006+0j),(0.6015938682784662+0j)
(0.16822383623545809+0j),(0.7957034367782404+0j),(0.6056864210953526+0j)
(0.17237934294422586+0j),(0.7926046050922608+0j),(0.6097359592368992+0j)
(0.17654204539419746+0j),(0.7895061276250723+0j),(0.613742677709855+0j)
(0.1807121030275857+0j),(0.7864084974543059+0j),(0.6177067873446603+0j)
(0.18488967460594719+0j),(0.7833121921039552+0j),(0.6216285142279885+0j)
(0.18907491819554076+0j),(0.7802176734198125+0j),(0.6255080991349152+0j)
(0.1932679911527749+0j),(0.7771253874675152+0j),(0.629345796961785+0j)
(0.19746905010974422+0j),(0.7740357644525032+0j),(0.633141876160809+0j)
(0.2016782509598626+0j),(0.7709492186611476+0j),(0.6368966181773665+0j)
(0.20589574884359713+0j),(0.767866148422294+0j),(0.6406103168909411+0j)
(0.2101216981343081+0j),(0.7647869360884341+0j),(0.6442832780605637+0j)
(0.2143562524242003+0j),(0.7617119480357075+0j),(0.6479158187755936+0j)
(0.21859956451039217+0j),(0.758641534681919+0j),(0.6515082669126024+0j)
(0.22285178638110748+0j),(0.7555760305217429+0j),(0.6550609605990928+0j)
(0.2271130692019976+0j),(0.7525157541782825+0j),(0.6585742476847167+0j)
(0.23138356330259996+0j),(0.7494610084701435+0j),(0.6620484852206184+0j)
(0.23566341816294054+0j),(0.746412080493179+0j),(0.665484038947475+0j)
(0.23995278240028584+0j),(0.7433692417160681+0j),(0.6688812827927525+0j)
(0.24425180375605732+0j),(0.7403327480888836+0j),(0.6722405983776654+0j)
(0.2485606290829093+0j),(0.7373028401638237+0j),(0.6755623745342536+0j)
(0.25287940433198497+0j),(0.7342797432272741+0j),(0.6788470068329745+0j)
(0.2572082745403569+0j),(0.73126366744239+0j),(0.6820948971211452+0j)
(0.26154738381866177+0j),(0.7282548080013922+0j),(0.6853064530725327+0j)
(0.26589687533894046+0j),(0.7252533452867849+0j),(0.6884820877483508+0j)
(0.2702568913226925+0j),(0.7222594450407185+0j),(0.691622219169883+0j)
(0.2746275730291575+0j),(0.7192732585417387+0j),(0.6947272699029089+0j)
(0.27900906074383386+0j),(0.7162949227881762+0j),(0.6977976666540814+0j)
(0.2834014937672475+0j),(0.713324560687454+0j),(0.7008338398793618+0j)
(0.2878050104039836+0j),(0.7103622812506031+0j),(0.7038362234045923+0j)
(0.29221974795199424+0j),(0.7074081797913063+0j),(0.7068052540582527+0j)
(0.2966458426921947+0j),(0.7044623381287997+0j),(0.7097413713164148+0j)
(0.30108342987836717+0j),(0.7015248247939918+0j),(0.712645016959888+0j)
(0.30553264372738154+0j),(0.6985956952381763+0j),(0.7155166347435181+0j)
(0.30999361740975306+0j),(0.6956749920437377+0j),(0.7183566700775774+0j)
(0.31446648304055214+0j),(0.6927627451362767+0j),(0.7211655697211635+0j)
(0.31895137167068477+0j),(0.6898589719975897+0j),(0.7239437814875054+0j)
(0.3234484132785599+0j),(0.6869636778789813+0j),(0.7266917539610475+0j)
(0.3279577367621648+0j),(0.6840768560143867+0j),(0.7294099362261746+0j)
(0.3324794699315669+0j),(0.681198487832823+0j),(0.7320987776074178+0j)
(0.3370137395018637+0j),(0.6783285431696956+0j),(0.7347587274209668+0j)
(0.3415606710866012+0j),(0.675466980476516+0j),(0.7373902347373051+0j)
(0.3461203891916851+0j),(0.6726137470286064+0j),(0.7399937481547652+0j)
(0.35069301720980656+0j),(0.6697687791303807+0j),(0.7425697155837958+0j)
(0.3552786774154069+0j),(0.6669320023178251+0j),(0.7451185840417192+0j)
(0.3598774909602105+0j),(0.6641033315578023+0j),(0.7476407994577527+0j)
(0.3644895778693458+0j),(0.6612826714438421+0j),(0.7501368064880538+0j)
(0.3691150570380883+0j),(0.6584699163880827+0j),(0.7526070483405476+0j)
(0.3737540462292506+0j),(0.6556649508090554+0j),(0.7550519666092916+0j)
(0.3784066620712514+0j),(0.6528676493150172+0j),(0.7574720011181165+0j)
(0.38307302005689353+0j),(0.6500778768825526+0j),(0.7598675897732925+0j)
(0.38775323454288374+0j),(0.6472954890301835+0j),(0.7622391684249606+0j)
(0.3924474187501291+0j),(0.6445203319867372+0j),(0.7645871707370625+0j)
(0.39715568476484303+0j),(0.64175224285424+0j),(0.7669120280655093+0j)
(0.40187814354049944+0j),(0.6389910497651156+0j),(0.7692141693443223+0j)
(0.40661490490067204+0j),(0.6362365720334762+0j),(0.7714940209794833+0j)
(0.41136607754279914+0j),(0.6334886203003156+0j),(0.7737520067502266+0j)
(0.4161317690429122+0j),(0.6307469966724116+0j),(0.7759885477175116+0j)
(0.42091208586137646+0j),(0.6280114948547647+0j),(0.7782040621394133+0j)
(0.4257071333496819+0j),(0.6252819002764044+0j),(0.7803989653931691+0j)
(0.4305170157583342+0j),(0.6225579902094054+0j),(0.7825736699036239+0j)
(0.43534183624589273+0j),(0.6198395338809617+0j),(0.7847285850778168+0j)
(0.44018169688920616+0j),(0.6171262925783724+0j),(0.7868641172454576+0j)
(0.4450366986948957+0j),(0.6144180197468032+0j),(0.78898066960504+0j)
(0.44990694161214156+0j),(0.611714461079688+0j),(0.7910786421753448+0j)
(0.4547925245468281+0j),(0.6090153546016408+0j),(0.7931584317520918+0j)
(0.4596935453771056+0j),(0.6063204307437553+0j),(0.7952204318694955+0j)
(0.4646101009704289+0j),(0.6036294124111633+0j),(0.7972650327664909+0j)
(0.46954228720213687+0j),(0.6009420150427387+0j),(0.7992926213573931+0j)
(0.47449019897563594+0j),(0.5982579466628201+0j),(0.8013035812067648+0j)
(0.47945393024426003+0j),(0.595576907924836+0j),(0.8032982925082633+0j)
(0.48443357403487114+0j),(0.5928985921467134+0j),(0.805277132067244+0j)
(0.48942922247328075+0j),(0.5902226853379463+0j),(0.8072404732869034+0j)
(0.4944409668115635+0j),(0.5875488662182035+0j),(0.8091886861577489+0j)
(0.49946889745734646+0j),(0.5848768062273494+0j),(0.8111221372501775+0j)
(0.5045131040051546+0j),(0.5822061695267473+0j),(0.8130411897099633+0j)
(0.5095736752698999+0j),(0.5795366129917142+0j),(0.8149462032564432+0j)
(0.5146506993226044+0j),(0.5768677861949874+0j),(0.8168375341832026+0j)
(0.5197442635284497+0j),(0.5741993313810568+0j),(0.8187155353610603+0j)
(0.5248544545872512+0j),(0.5715308834312157+0j),(0.8205805562431603+0j)
(0.5299813585764604+0j),(0.5688620698191674+0j),(0.8224329428719722+0j)
(0.535125060996799+0j),(0.5661925105570224+0j),(0.8242730378880146+0j)
(0.5402856468206362+0j),(0.5635218181315086+0j),(0.8261011805401074+0j)
(0.5454632005432286+0j),(0.5608495974302101+0j),(0.8279177066969708+0j)
(0.5506578062369373+0j),(0.5581754456576327+0j),(0.8297229488599813+0j)
(0.5558695476085533+0j),(0.5554989522408894+0j),(0.8315172361769021+0j)
(0.5610985080598618+0j),(0.5528196987247832+0j),(0.8333008944564023+0j)
(0.5663447707515826+0j),(0.5501372586560436+0j),(0.8350742461831844+0j)
(0.5716084186708321+0j),(0.5474511974564755+0j),(0.8368376105335318+0j)
(0.5768895347022572+0j),(0.5447610722847414+0j),(0.8385913033910971+0j)
(0.5821882017030011+0j),(0.5420664318864938+0j),(0.8403356373627416+0j)
(0.5875045025816644+0j),(0.5393668164325573+0j),(0.8420709217942441+0j)
(0.5928385203814377+0j),(0.5366617573448299+0j),(0.8437974627856849+0j)
(0.598190338367588+0j),(0.5339507771095571+0j),(0.8455155632063197+0j)
(0.6035600401194896+0j),(0.5312333890776165+0j),(0.8472255227087473+0j)
(0.6089477096274012+0j),(0.5285090972514113+0j),(0.8489276377421684+0j)
(0.6143534313942038+0j),(0.525777396057958+0j),(0.8506222015645448+0j)
(0.6197772905423168+0j),(0.5230377701077215+0j),(0.8523095042534388+0j)
(0.6252193729260334+0j),(0.5202896939387183+0j),(0.8539898327153286+0j)
(0.6306797652495133+0j),(0.5175326317453885+0j),(0.8556634706931764+0j)
(0.6361585551907084+0j),(0.5147660370916808+0j),(0.8573306987720236+0j)
(0.6416558315314759+0j),(0.5119893526077933+0j),(0.8589917943823752+0j)
(0.6471716842941868+0j),(0.5092020096699397+0j),(0.8606470318011297+0j)
(0.6527062048851319+0j),(0.506403428062492+0j),(0.862296682149802+0j)
(0.6582594862450358+0j),(0.5035930156218102+0j),(0.8639410133897635+0j)
(0.6638316230070488+0j),(0.5007701678609989+0j),(0.8655802903142303+0j)
(0.669422711662548+0j),(0.4979342675748141+0j),(0.8672147745366965+0j)
(0.6750328507351645+0j),(0.49508468442386444+0j),(0.8688447244755088+0j)
(0.6806621409634154+0j),(0.49222077449721274+0j),(0.8704703953342491+0j)
(0.6863106854924006+0j),(0.48934187985241173+0j),(0.8720920390775896+0j)
(0.6919785900750001+0j),(0.4864473280319557+0j),(0.8737099044022398+0j)
(0.6976659632830863+0j),(0.48353643155504533+0j),(0.8753242367026135+0j)
(0.7033729167292467+0j),(0.4806084873835115+0j),(0.8769352780307867+0j)
(0.7090995652995976+0j),(0.4776627763606385+0j),(0.8785432670503183+0j)
(0.7148460273982555+0j),(0.4746985626215724+0j),(0.8801484389834555+0j)
(0.7206124252041166+0j),(0.47171509297387987+0j),(0.881751025551229+0j)
(0.7263988849406116+0j),(0.46871159624674935+0j),(0.8833512549058978+0j)
(0.7322055371591453+0j),(0.4656872826072095+0j),(0.8849493515551685+0j)
(0.7380325170370144+0j),(0.4626413428416286+0j),(0.8865455362775759+0j)
(0.7438799646905995+0j),(0.45957294760064443+0j),(0.8881400260283598+0j)
(0.7497480255047427+0j),(0.4564812466055284+0j),(0.8897330338351291+0j)
(0.7556368504792327+0j),(0.45336536781386855+0j),(0.891324768682547+0j)
(0.7615465965934382+0j),(0.45022441654227985+0j),(0.8929154353852126+0j)
(0.767477427190158+0j),(0.44705747454371036+0j),(0.8945052344478482+0j)
(0.773429512379889+0j),(0.44386359903670697+0j),(0.8960943619118366+0j)
(0.7794030294667491+0j),(0.4406418216838422+0j),(0.8976830091870655+0j)
(0.785398163397448+0j),(0.4373911475162638+0j),(0.8992713628679645+0j)
(0.7914151072347448+0j),(0.43411055380113306+0j),(0.900859604532512+0j)
(0.7974540626570065+0j),(0.4307989888484423+0j),(0.9024479105229064+0j)
(0.8035152404855678+0j),(0.4274553707534605+0j),(0.9040364517064684+0j)
(0.8095988612417446+0j),(0.4240785860707517+0j),(0.9056253932152258+0j)
(0.8157051557355272+0j),(0.4206674884153899+0j),(0.9072148941625064+0j)
(0.821834365688105+0j),(0.41722089698667186+0j),(0.908805107334701+0j)
(0.8279867443906165+0j),(0.4137375950092147+0j),(0.9103961788562117+0j)
(0.8341625574016575+0j),(0.4102163280859593+0j),(0.9119882478254163+0j)
(0.8403620832863741+0j),(0.40665580245710153+0j),(0.9135814459192847+0j)
(0.8465856144001441+0j),(0.4030546831585266+0j),(0.9151758969640644+0j)
(0.8528334577201945+0j),(0.3994115920727326+0j),(0.9167717164692228+0j)
(0.8591059357287345+0j),(0.39572510586468346+0j),(0.9183690111215564+0j)
(0.8654033873515883+0j),(0.39199375379432605+0j),(0.9199678782361009+0j)
(0.8717261689566141+0j),(0.3882160153968339+0j),(0.9215684051601408+0j)
(0.8780746554166667+0j),(0.38439031802080287+0j),(0.9231706686262654+0j)
(0.8844492412422811+0j),(0.3805150342137733+0j),(0.9247747340500233+0j)
(0.8908503417897671+0j),(0.3765884789434729+0j),(0.926380654767273+0j)
(0.8972783945510013+0j),(0.37260890664208834+0j),(0.9279884712058591+0j)
(0.9037338605317877+0j),(0.3685745080597012+0j),(0.9295982099856633+0j)
(0.910217225726421+0j),(0.3644834069116632+0j),(0.931209882940504+0j)
(0.9167290026968257+0j),(0.36033365630324826+0j),(0.9328234860546408+0j)
(0.9232697322655874+0j),(0.356123234913227+0j),(0.9344389983059025+0j)
(0.9298399853331407+0j),(0.35185004291620675+0j),(0.9360563804065778+0j)
(0.936440364830558+0j),(0.3475118976214813+0j),(0.9376755734322597+0j)
(0.9430715078205961+0j),(0.34310652880386133+0j),(0.9392964973277422+0j)
(0.9497340877611583+0j),(0.3386315736993155+0j),(0.9409190492778458+0j)
(0.9564288169468886+0j),(0.3340845716353713+0j),(0.9425431019296734+0j)
(0.963156449146521+0j),(0.3294629582628843+0j),(0.9441685014512341+0j)
(0.9699177824556677+0j),(0.32476405935207736+0j),(0.9457950654096058+0j)
(0.9767136623871268+0j),(0.3199850841115197+0j),(0.9474225804497927+0j)
(0.983544985223553+0j),(0.31512311798388803+0j),(0.9490507997531602+0j)
(0.990412701660414+0j),(0.31017511486692173+0j),(0.9506794402517034+0j)
(0.9973178207708083+0j),(0.30513788870168307+0j),(0.952308179571445+0j)
(1.0042614143277941+0j),(0.3000081043631462+0j),(0.9539366526748155+0j)
(1.0112446215247113+0j),(0.29478226777986605+0j),(0.9555644481679713+0j)
(1.01826865413944+0j),(0.2894567152001024+0j),(0.9571911042344508+0j)
(1.0253348021950113+0j),(0.28402760151080003+0j),(0.9588161041513761+0j)
(1.0324444401763777+0j),(0.2784908875032761+0j),(0.9604388713383262+0j)
(1.0395990338719168+0j),(0.27284232596473584+0j),(0.9620587638819954+0j)
(1.0468001479184108+0j),(0.26707744645769305+0j),(0.9636750684715457+0j)
(1.054049454140229+0j),(0.26119153862937694+0j),(0.9652869936699753+0j)
(1.0613487407876154+0j),(0.25517963386973014+0j),(0.9668936624355912+0j)
(1.0686999227956746+0j),(0.24903648510900794+0j),(0.9684941037944169+0j)
(1.076105053205599+0j),(0.2427565445132555+0j),(0.9700872435487355+0j)
(1.0835663359133636+0j),(0.23633393879716882+0j),(0.9716718938883723+0j)
(1.091086139939623+0j),(0.22976244182749023+0j),(0.9732467417492182+0j)
(1.0986670154487188+0j),(0.22303544413464654+0j),(0.9748103357369889+0j)
(1.1063117117861911+0j),(0.21614591888348494+0j),(0.9763610714023855+0j)
(1.1140231978544346+0j),(0.20908638377315958+0j),(0.9778971746153393+0j)
(1.1218046852076893+0j),(0.201848858237838+0j),(0.9794166827393136+0j)
(1.1296596543229973+0j),(0.19442481519963903+0j),(0.9809174232495753+0j)
(1.1375918845971127+0j),(0.18680512647713915+0j),(0.9823969893692978+0j)
(1.145605488735267+0j),(0.17898000076953519+0j),(0.9838527122107951+0j)
(1.1537049523427767+0j),(0.17093891290812127+0j),(0.9852816288015269+0j)
(1.1618951797132948+0j),(0.16267052277998842+0j),(0.9866804452397369+0j)
(1.170181547039367+0j),(0.15416258196642477+0j),(0.9880454940545225+0j)
(1.1785699645676948+0j),(0.14540182567638496+0j),(0.9893726846289898+0j)
(1.1870669496040307+0j),(0.13637384696165045+0j),(0.9906574452679799+0j)
(1.1956797127705923+0j),(0.12706294943007077+0j),(0.9918946551333622+0j)
(1.2044162605729958+0j),(0.11745197366472285+0j),(0.9930785638016065+0j)
(1.2132855182022306+0j),(0.10752209122206025+0j),(0.9942026955803506+0j)
(1.2222974776630018+0j),(0.09725255829595705+0j),(0.9952597348958169+0j)
(1.2314633779040252+0j),(0.08662041871472795+0j),(0.9962413879485662+0j)
(1.2407959258068681+0j),(0.0756001426166784+0j),(0.9971382143094998+0j)
(1.2503095699362312+0j),(0.06416318252393283+0j),(0.9979394200092512+0j)
(1.2600208432764537+0j),(0.052277421990066776+0j),(0.9986326006845925+0j)
(1.269948797417731+0j),(0.03990648257661005+0j),(0.9992034190535792+0j)
(1.2801155598349172+0j),(0.02700884109032953+0j),(0.9996351947100289+0j)
(1.2905470596977362+0j),(0.013536688293484228+0j),(0.9999083748374374+0j)
(1.3012739888847735+0j),(-0.0005655715069309454+0j),(0.9999998400644226+0j)
(1.3123330984411143+0j),(-0.015363330736229756+0j),(0.9998819770696386+0j)
(1.3237689854254557+0j),(-0.030934530964846187+0j),(0.9995214128741741+0j)
(1.3356366174129932+0j),(-0.047373526957127016+0j),(0.9988772441815071+0j)
(1.3480050041480836+0j),(-0.06479667239778818+0j),(0.9978984874455789+0j)
(1.3609627247721174+0j),(-0.08335067947376261+0j),(0.9965202778826241+0j)
(1.3746266019766995+0j),(-0.10322566453414027+0j),(0.994657962407925+0j)
(1.3891560321829322+0j),(-0.12467658427906615+0j),(0.9921974346532574+0j)
(1.4047782527563863+0j),(-0.14806083639523665+0j),(0.9889782549307863+0j)
(1.4218368744303382+0j),(-0.1739101187481969+0j),(0.9847615298116537+0j)
(1.4408968065083656+0j),(-0.2030850234912284+0j),(0.9791611068836258+0j)
(1.463014930819062+0j),(-0.2371718983002921+0j),(0.9714676992348412+0j)
(1.4906859682708353+0j),(-0.2798627264916863+0j),(0.960040027457522+0j)
(1.535070747955688+0j),(-0.34743661903344925+0j),(0.9377034689893208+0j)
(1.6065219056341054+0j),(-0.45005842394189155+0j),(0.8929991125633556+0j)
(1.650906685318958+0j),(-0.5078246970042315+0j),(0.861460432702838+0j)
(1.678577722770731+0j),(-0.5410350910404402+0j),(0.8410000179921894+0j)
(1.7006958470814277+0j),(-0.5659531017096054+0j),(0.824437436477309+0j)
(1.719755779159455+0j),(-0.5862560726643532+0j),(0.8101258033565952+0j)
(1.7368144008334068+0j),(-0.6035166122406442+0j),(0.7973504240605732+0j)
(1.752436621406861+0j),(-0.6185824051167594+0j),(0.7857199297968491+0j)
(1.7669660516130936+0j),(-0.631973011233577+0j),(0.7749903954710441+0j)
(1.780629928817676+0j),(-0.6440344030987538+0j),(0.7649965278517492+0j)
(1.7935876494417096+0j),(-0.655010773123845+0j),(0.7556195385851949+0j)
(1.8059560361768+0j),(-0.6650820868579672+0j),(0.7467702576700893+0j)
(1.8178236681643374+0j),(-0.6743854757880607+0j),(0.7383794620966315+0j)
(1.8292595551486788+0j),(-0.6830282432322365+0j),(0.7303919625427739+0j)
(1.8403186647050198+0j),(-0.6910961874289228+0j),(0.7227627963040207+0j)
(1.8510455938920571+0j),(-0.6986591537340423+0j),(0.7154546714527986+0j)
(1.8614770937548761+0j),(-0.7057748678267173+0j),(0.7084361904534381+0j)
(1.871643856172062+0j),(-0.7124916597171383+0j),(0.7016805789200081+0j)
(1.8815718103133394+0j),(-0.7188504478346688+0j),(0.695164752880852+0j)
(1.8912830836535621+0j),(-0.7248862152662671+0j),(0.6888686194891935+0j)
(1.9007967277829252+0j),(-0.730629128711427+0j),(0.6827745427872814+0j)
(1.9101292756857682+0j),(-0.7361054005864135+0j),(0.6768669287441336+0j)
(1.9192951759267916+0j),(-0.7413379629204087+0j),(0.671131898163855+0j)
(1.9283071353875627+0j),(-0.7463470009806156+0j),(0.6655570254510437+0j)
(1.9371763930167976+0j),(-0.7511503807528883+0j),(0.6601311275002802+0j)
(1.9459129408192009+0j),(-0.7557639949952994+0j),(0.6548440912681011+0j)
(1.9545257039857624+0j),(-0.7602020460478968+0j),(0.649686731574989+0j)
(1.9630226890220983+0j),(-0.7644772789651757+0j),(0.6446506728034966+0j)
(1.9714111065504263+0j),(-0.7686011752243344+0j),(0.6397282496840139+0j)
(1.9796974738764983+0j),(-0.7725841148498491+0j),(0.6349124234740373+0j)
(1.9878877012470166+0j),(-0.776435513015257+0j),(0.6301967106616274+0j)
(1.9959871648545264+0j),(-0.7801639358541647+0j),(0.6255751219418327+0j)
(2.0040007689926806+0j),(-0.7837771992092292+0j),(0.6210421096831811+0j)
(2.0119329992667963+0j),(-0.7872824532824253+0j),(0.6165925224600167+0j)
(2.019787968382104+0j),(-0.7906862555604476+0j),(0.6122215655036978+0j)
(2.0275694557353585+0j),(-0.7939946339309366+0j),(0.6079247661420598+0j)
(2.035280941803602+0j),(-0.7972131415462633+0j),(0.603697943466712+0j)
(2.0429256381410745+0j),(-0.8003469047081014+0j),(0.5995371816027437+0j)
(2.0505065136501703+0j),(-0.8034006648204639+0j),(0.5954388060632569+0j)
(2.0580263176764295+0j),(-0.8063788152782747+0j),(0.5913993627578629+0j)
(2.0654876003841944+0j),(-0.8092854340128646+0j),(0.5874155992945791+0j)
(2.0728927307941185+0j),(-0.8121243122977031+0j),(0.5834844482717452+0j)
(2.0802439128021777+0j),(-0.8148989803212817+0j),(0.5796030123035381+0j)
(2.087543199449564+0j),(-0.8176127299550615+0j),(0.575768550561275+0j)
(2.0947925056713825+0j),(-0.8202686350792127+0j),(0.5719784666447556+0j)
(2.1019936197178763+0j),(-0.8228695697749161+0j),(0.5682302976245149+0j)
(2.1091482134134156+0j),(-0.8254182246470533+0j),(0.5645217041181914+0j)
(2.116257851394782+0j),(-0.8279171215035556+0j),(0.5608504612829223+0j)
(2.123323999450353+0j),(-0.8303686265861592+0j),(0.5572144506214961+0j)
(2.1303480320650823+0j),(-0.8327749625207284+0j),(0.553611652513384+0j)
(2.137331239261999+0j),(-0.8351382191328309+0j),(0.5500401393931573+0j)
(2.144274832818985+0j),(-0.8374603632551537+0j),(0.5464980695085266+0j)
(2.1511799519293793+0j),(-0.8397432476370782+0j),(0.5429836811985539+0j)
(2.1580476683662404+0j),(-0.8419886190528256+0j),(0.5394952876397677+0j)
(2.1648789912026665+0j),(-0.8441981256926523+0j),(0.5360312720140619+0j)
(2.1716748711341256+0j),(-0.8463733239113085+0j),(0.5325900830576207+0j)
(2.178436204443272+0j),(-0.8485156843991299+0j),(0.5291702309547242+0j)
(2.1851638366429045+0j),(-0.8506265978334449+0j),(0.5257702835443429+0j)
(2.191858565828635+0j),(-0.8527073800613609+0j),(0.5223888628109234+0j)
(2.198521145769197+0j),(-0.854759276859186+0j),(0.5190246416338647+0j)
(2.205152288759235+0j),(-0.8567834683087132+0j),(0.5156763407728653+0j)
(2.2117526682566524+0j),(-0.8587810728261807+0j),(0.512342726068707+0j)
(2.218322921324206+0j),(-0.8607531508758522+0j),(0.5090226058411282+0j)
(2.2248636508929676+0j),(-0.8627007083967846+0j),(0.5057148284672758+0j)
(2.231375427863372+0j),(-0.8646246999683477+0j),(0.5024182801258777+0j)
(2.2378587930580056+0j),(-0.866526031737441+0j),(0.49913188269370595+0j)
(2.244314259038792+0j),(-0.8684055641280128+0j),(0.49585459178221575+0j)
(2.250742311800026+0j),(-0.8702641143514442+0j),(0.49258539490335734+0j)
(2.2571434123475123+0j),(-0.8721024587345112+0j),(0.4893233097546246+0j)
(2.2635179981731266+0j),(-0.8739213348800362+0j),(0.4860673826142787+0j)
(2.2698664846331793+0j),(-0.8757214436738763+0j),(0.4828166868385371+0j)
(2.276189266238205+0j),(-0.8775034511506183+0j),(0.4795703214532302+0j)
(2.2824867178610586+0j),(-0.8792679902291926+0j),(0.47632740983310695+0j)
(2.288759195869599+0j),(-0.8810156623285884+0j),(0.4730870984625546+0j)
(2.295007039189649+0j),(-0.8827470388729348+0j),(0.4698485557720334+0j)
(2.301230570303419+0j),(-0.8844626626943726+0j),(0.4666109710450245+0j)
(2.3074300961881358+0j),(-0.8861630493414119+0j),(0.4633735533907069+0j)
(2.3136059091991767+0j),(-0.887848688299785+0j),(0.4601355307779998+0j)
(2.319758287901688+0j),(-0.8895200441322139+0j),(0.45689614912693743+0j)
(2.325887497854266+0j),(-0.8911775575429577+0j),(0.4536546714537043+0j)
(2.3319937923480487+0j),(-0.8928216463725174+0j),(0.45041037706592363+0j)
(2.3380774131042252+0j),(-0.8944527065274273+0j),(0.4471625608050837+0j)
(2.3441385909327868+0j),(-0.8960711128496647+0j),(0.44391053233322103+0j)
(2.3501775463550483+0j),(-0.8976772199298343+0j),(0.4406536154612195+0j)
(2.3561944901923453+0j),(-0.8992713628679646+0j),(0.4373911475162634+0j)
(2.3621896241230442+0j),(-0.9008538579854385+0j),(0.43412247874620785+0j)
(2.3681631412099042+0j),(-0.9024250034913172+0j),(0.4308469717587627+0j)
(2.3741152263996352+0j),(-0.9039850801060627+0j),(0.4275640009935771+0j)
(2.380046056996355+0j),(-0.9055343516454307+0j),(0.42427295222543887+0j)
(2.3859558031105608+0j),(-0.9070730655671143+0j),(0.42097322209693766+0j)
(2.3918446280850505+0j),(-0.9086014534825074+0j),(0.41766421767907685+0j)
(2.397712688899194+0j),(-0.9101197316358073+0j),(0.41434535605840483+0j)
(2.403560136552779+0j),(-0.9116281013524967+0j),(0.41101606394938145+0j)
(2.409387116430648+0j),(-0.9131267494591171+0j),(0.4076757773307445+0j)
(2.4151937686491816+0j),(-0.9146158486761019+0j),(0.4043239411047709+0j)
(2.4209802283856767+0j),(-0.9160955579853237+0j),(0.40096000877837984+0j)
(2.426746626191538+0j),(-0.9175660229738951+0j),(0.3975834421651256+0j)
(2.4324930882901956+0j),(-0.9190273761556612+0j),(0.3941937111071675+0j)
(2.4382197368605465+0j),(-0.9204797372717308+0j),(0.3907902932164072+0j)
(2.4439266903067067+0j),(-0.9219232135713036+0j),(0.38737267363400957+0j)
(2.4496140635147934+0j),(-0.923357900073977+0j),(0.38394034480759576+0j)
(2.4552819680973927+0j),(-0.9247838798146382+0j),(0.3804928062854603+0j)
(2.4609305126263776+0j),(-0.9262012240719888+0j),(0.3770295645271727+0j)
(2.4665598028546287+0j),(-0.9276099925816794+0j),(0.3735501327300216+0j)
(2.472169941927245+0j),(-0.9290102337349816+0j),(0.37005403067075915+0j)
(2.4777610305827444+0j),(-0.9304019847638749+0j),(0.36654078456215816+0j)
(2.4833331673447576+0j),(-0.9317852719133751+0j),(0.3630099269239312+0j)
(2.4888864487046614+0j),(-0.9331601106018852+0j),(0.3594609964675965+0j)
(2.4944209692956063+0j),(-0.9345265055703252+0j),(0.35589353799488566+0j)
(2.4999368220583174+0j),(-0.9358844510207354+0j),(0.3523071023093588+0j)
(2.5054340983990846+0j),(-0.9372339307450456+0j),(0.34870124614086345+0j)
(2.51091288834028+0j),(-0.9385749182446451+0j),(0.3450755320825542+0j)
(2.51637328066376+0j),(-0.9399073768413775+0j),(0.3414295285401676+0j)
(2.5218153630474767+0j),(-0.9412312597805548+0j),(0.33776280969329664+0j)
(2.5272392221955893+0j),(-0.9425465103265587+0j),(0.3340749554684195+0j)
(2.532644943962392+0j),(-0.9438530618515855+0j),(0.33036555152344105+0j)
(2.5380326134703037+0j),(-0.9451508379180567+0j),(0.3266341892435569+0j)
(2.543402315222205+0j),(-0.9464397523552216+0j),(0.3228804657482194+0j)
(2.5487541332083556+0j),(-0.9477197093304437+0j),(0.3191039839090382+0j)
(2.554088151008129+0j),(-0.9489906034156582+0j),(0.3153043523784366+0j)
(2.559404451886792+0j),(-0.9502523196494778+0j),(0.3114811856289029+0j)
(2.564703118887536+0j),(-0.9515047335954046+0j),(0.30763410400269087+0j)
(2.569984234918961+0j),(-0.9527477113966062+0j),(0.30376273377181995+0j)
(2.5752478828382106+0j),(-0.9539811098276971+0j),(0.29986670720824526+0j)
(2.5804941455299315+0j),(-0.9552047763439651+0j),(0.2959456626640705+0j)
(2.58572310598124+0j),(-0.9564185491284725+0j),(0.2919992446616735+0j)
(2.590934847352856+0j),(-0.9576222571374592+0j),(0.2880271039936318+0j)
(2.5961294530465646+0j),(-0.9588157201444656+0j),(0.28402889783233315+0j)
(2.601307006769157+0j),(-0.9599987487835981+0j),(0.2800042898491488+0j)
(2.606467592592994+0j),(-0.9611711445923425+0j),(0.2759529503430721+0j)
(2.611611295013333+0j),(-0.9623327000543468+0j),(0.2718745563786921+0j)
(2.6167381990025422+0j),(-0.963483198642573+0j),(0.2677687919334069+0j)
(2.6218483900613436+0j),(-0.9646224148632349+0j),(0.2636353480537485+0j)
(2.626941954267189+0j),(-0.965750114300922+0j),(0.2594739230207078+0j)
(2.6320189783198935+0j),(-0.966866053665319+0j),(0.2552842225239402+0j)
(2.6370795495846386+0j),(-0.9679699808399272+0j),(0.2510659598447214+0j)
(2.6421237561324467+0j),(-0.9690616349331926+0j),(0.2468188560475229+0j)
(2.64715168677823+0j),(-0.9701407463324483+0j),(0.2425426401800731+0j)
(2.6521634311165125+0j),(-0.9712070367610756+0j),(0.2382370494817525+0j)
(2.6571590795549223+0j),(-0.9722602193392939+0j),(0.2339018296001728+0j)
(2.6621387233455334+0j),(-0.9732999986489841+0j),(0.22953673481577566+0j)
(2.6671024546141573+0j),(-0.9743260708029546+0j),(0.2251415282742744+0j)
(2.6720503663876563+0j),(-0.9753381235190584+0j),(0.2207159822267574+0j)
(2.6769825526193642+0j),(-0.9763358361995672+0j),(0.21625987827725188+0j)
(2.6818991082126877+0j),(-0.9773188800162156+0j),(0.2117730076375417+0j)
(2.686800129042965+0j),(-0.978286918001316+0j),(0.20725517138900695+0j)
(2.6916857119776516+0j),(-0.9792396051453603+0j),(0.2027061807512515+0j)
(2.6965559548948974+0j),(-0.9801765885015057+0j),(0.19812585735726201+0j)
(2.701410956700587+0j),(-0.9810975072973553+0j),(0.19351403353482122+0j)
(2.7062508173439004+0j),(-0.9820019930544329+0j),(0.18887055259389018+0j)
(2.711075637831459+0j),(-0.9828896697157526+0j),(0.18419526911964618+0j)
(2.7158855202401115+0j),(-0.9837601537818785+0j),(0.17948804927084958+0j)
(2.720680567728417+0j),(-0.9846130544558678+0j),(0.17474877108319367+0j)
(2.725460884546881+0j),(-0.9854479737974837+0j),(0.1699773247772595+0j)
(2.730226576046994+0j),(-0.9862645068870585+0j),(0.16517361307069467+0j)
(2.734977748689121+0j),(-0.9870622419993819+0j),(0.16033755149419618+0j)
(2.7397145100492937+0j),(-0.9878407607879812+0j),(0.15546906871086094+0j)
(2.7444369688249504+0j),(-0.9885996384801518+0j),(0.15056810683844568+0j)
(2.749145234839664+0j),(-0.9893384440830799+0j),(0.14563462177405004+0j)
(2.7538394190469093+0j),(-0.9900567406014043+0j),(0.14066858352071362+0j)
(2.7585196335328996+0j),(-0.9907540852665271+0j),(0.13566997651539328+0j)
(2.763185991518542+0j),(-0.991430029777995+0j),(0.13063879995776187+0j)
(2.7678386073605425+0j),(-0.9920841205572366+0j),(0.12557506813923985+0j)
(2.772477596551705+0j),(-0.9927158990139369+0j),(0.12047881077165087+0j)
(2.7771030757204476+0j),(-0.9933249018253073+0j),(0.11535007331486183+0j)
(2.781715162629583+0j),(-0.9939106612284869+0j),(0.11018891730274864+0j)
(2.7863139761743865+0j),(-0.9944727053262972+0j),(0.104995420666789+0j)
(2.7908996363799865+0j),(-0.9950105584065363+0j),(0.09976967805657773+0j)
(2.795472264398108+0j),(-0.9955237412749893+0j),(0.09451180115651417+0j)
(2.800031982503192+0j),(-0.9960117716022894+0j),(0.08922191899790619+0j)
(2.8045789140879296+0j),(-0.9964741642847473+0j),(0.08390017826568885+0j)
(2.8091131836582264+0j),(-0.9969104318192282+0j),(0.0785467435989558+0j)
(2.8136349168276285+0j),(-0.9973200846921284+0j),(0.07316179788445627+0j)
(2.8181442403112333+0j),(-0.9977026317824677+0j),(0.0677455425422074+0j)
(2.8226412819191085+0j),(-0.9980575807790754+0j),(0.06229819780233902+0j)
(2.827126170549241+0j),(-0.9983844386118161+0j),(0.05682000297227015+0j)
(2.83159903618004+0j),(-0.998682711896753+0j),(0.0513112166933049+0j)
(2.8360600098624116+0j),(-0.9989519073951147+0j),(0.04577211718570934+0j)
(2.8405092237114262+0j),(-0.9991915324858825+0j),(0.04020300248132982+0j)
(2.8449468108975986+0j),(-0.9994010956517699+0j),(0.034604190642781606+0j)
(2.849372905637799+0j),(-0.9995801069783251+0j),(0.028976019968246683+0j)
(2.8537876431858096+0j),(-0.9997280786658335+0j),(0.02331884918089547+0j)
(2.8581911598225456+0j),(-0.9998445255536516+0j),(0.017633057601951756+0j)
(2.8625835928459593+0j),(-0.9999289656565531+0j),(0.01191904530641044+0j)
(2.8669650805606355+0j),(-0.9999809207126137+0j),(0.006177233260422487+0j)
(2.8713357622671007+0j),(-0.9999999167421114+0j),(0.00040806343935911475+0j)
(2.875695778250853+0j),(-0.999985484616863+0j),(-0.005388001074419723+0j)
(2.8800452697711316+0j),(-0.9999371606393652+0j),(-0.011210476015066799+0j)
(2.8843843790494366+0j),(-0.9998544871310528+0j),(-0.017058855878973173+0j)
(2.8887132492578083+0j),(-0.9997370130289288+0j),(-0.022932613893658135+0j)
(2.893032024506884+0j),(-0.9995842944897722+0j),(-0.02883120201074876+0j)
(2.897340849833736+0j),(-0.9993958955010653+0j),(-0.03475405092393667+0j)
(2.9016398711895075+0j),(-0.9991713884977361+0j),(-0.04070057011278968+0j)
(2.9059292354268527+0j),(-0.998910354983747+0j),(-0.046670147913250075+0j)
(2.9102090902871933+0j),(-0.9986123861575188+0j),(-0.05266215161562089+0j)
(2.9144795843877955+0j),(-0.998277083540116+0j),(-0.0586759275907944+0j)
(2.918740867208686+0j),(-0.9979040596050742+0j),(-0.06471080144545277+0j)
(2.922993089079401+0j),(-0.9974929384086975+0j),(-0.07076607820688413+0j)
(2.927236401165593+0j),(-0.9970433562196108+0j),(-0.07684104253804963+0j)
(2.931470955455485+0j),(-0.9965549621463009+0j),(-0.08293495898343896+0j)
(2.9356969047461963+0j),(-0.9960274187613396+0j),(-0.08904707224621759+0j)
(2.9399144026299306+0j),(-0.995460402720945+0j),(-0.09517660749708409+0j)
(2.944123603480049+0j),(-0.9948536053784969+0j),(-0.10132277071520686+0j)
(2.9483246624370185+0j),(-0.9942067333905884+0j),(-0.10748474906150966+0j)
(2.9525177353942524+0j),(-0.9935195093141734+0j),(-0.11366171128451459+0j)
(2.956702978983846+0j),(-0.9927916721933318+0j),(-0.11985280815887657+0j)
(2.9608805505622073+0j),(-0.9920229781341674+0j),(-0.12605717295662955+0j)
(2.965050608195596+0j),(-0.9912132008663285+0j),(-0.13227392195110765+0j)
(2.9692133106455674+0j),(-0.9903621322896312+0j),(-0.138502154953399+0j)
(2.973368817354335+0j),(-0.9894695830042616+0j),(-0.14474095588109423+0j)
(2.9775172884300454+0j),(-0.9885353828230332+0j),(-0.15098939335900122+0j)
(2.981658884631975+0j),(-0.9875593812641774+0j),(-0.15724652135139627+0j)
(2.9857937673556587+0j),(-0.9865414480231579+0j),(-0.16351137982529193+0j)
(2.9899220986179373+0j),(-0.9854814734220202+0j),(-0.16978299544407893+0j)
(2.994044041041946+0j),(-0.9843793688348045+0j),(-0.1760603822908266+0j)
(2.9981597578420334+0j),(-0.9832350670875846+0j),(-0.182342542620402+0j)
(3.0022694128086234+0j),(-0.9820485228317289+0j),(-0.18862846763948207+0j)
(3.0063731702930143+0j),(-0.9808197128890254+0j),(-0.194917138313412+0j)
(3.0104711951921255+0j),(-0.9795486365673545+0j),(-0.20120752619879106+0j)
(3.014563652933192+0j),(-0.9782353159456558+0j),(-0.20749859430054737+0j)
(3.018650709458403+0j),(-0.9768797961269955+0j),(-0.2137892979521654+0j)
(3.022732531209504+0j),(-0.9754821454585998+0j),(-0.22007858571766462+0j)
(3.026809285112339+0j),(-0.9740424557178069+0j),(-0.22636540031379412+0j)
(3.0308811385613637+0j),(-0.9725608422629608+0j),(-0.23264867955086369+0j)
(3.034948259404104+0j),(-0.9710374441483562+0j),(-0.23892735729051262+0j)
(3.039010815925588+0j),(-0.9694724242024355+0j),(-0.24520036441867907+0j)
(3.043068976832731+0j),(-0.967865969068538+0j),(-0.2514666298319123+0j)
(3.0471229112386906+0j),(-0.9662182892075907+0j),(-0.2577250814351537+0j)
(3.0511727886471873+0j),(-0.9645296188622496+0j),(-0.26397464714900887+0j)
(3.0552187789367915+0j),(-0.9628002159820945+0j),(-0.2702142559245018+0j)
(3.0592610523451826+0j),(-0.9610303621096021+0j),(-0.2764428387632552+0j)
(3.0632997794533785+0j),(-0.95922036222673+0j),(-0.28265932974098185+0j)
(3.0673351311699384+0j),(-0.9573705445620658+0j),(-0.2888626670321622+0j)
(3.0713672787151394+0j),(-0.9554812603586124+0j),(-0.29505179393373904+0j)
(3.075396393605131+0j),(-0.9535528836023991+0j),(-0.30122565988565714+0j)
(3.0794226476360653+0j),(-0.9515858107122322+0j),(-0.3073832214860527+0j)
(3.0834462128682074+0j),(-0.9495804601910165+0j),(-0.31352344349891553+0j)
(3.087467261610023+0j),(-0.9475372722392025+0j),(-0.3196452998520257+0j)
(3.091485966402253+0j),(-0.9454567083310308+0j),(-0.3257477746230239+0j)
(3.0955025000019654+0j),(-0.9433392507543608+0j),(-0.3318298630114556+0j)
(3.099517035366595+0j),(-0.9411854021149954+0j),(-0.3378905722946922+0j)
(3.103529745637967+0j),(-0.9389956848065115+0j),(-0.34392892276566445+0j)
(3.1075408041263057+0j),(-0.9367706404467284+0j),(-0.34994394865038964+0j)
(3.1115503842942354+0j),(-0.9345108292820384+0j),(-0.355934699003338+0j)
(3.1155586597407665+0j),(-0.9322168295609374+0j),(-0.36190023857874754+0j)
(3.119565804185272+0j),(-0.9298892368781749+0j),(-0.36783964867605784+0j)
(3.1235719914514566+0j),(-0.9275286634910417+0j),(-0.3737520279577385+0j)
(3.12757739545132+0j),(-0.9251357376093894+0j),(-0.3796364932378485+0j)
(3.131582190169111+0j),(-0.9227111026610615+0j),(-0.3854921802397662+0j)
(3.1355865496452755+0j),(-0.9202554165344744+0j),(-0.3913182443216275+0j)
(3.1395906479604054+0j),(-0.9177693508001601+0j),(-0.3971138611681202+0j)
